{"SchemaVersion":"1.0","PublisherId":"GUID","ApplicationId":"GUID","PackageDefinition":{"AssetFolder":"PackageAssets","PackageName":"GetnotifiedinTeamsforupdatestoblogfeed","PackageLongName":"Get notified in Teams for updates to blog feed","PackageDescription":null,"AnchorSolutionUniqueName":"GetnotifiedinTeamsforupdatestoblogfeed"},"DeploymentSettings":[{"GetnotifiedinTeamsforupdatestoblogfeed":{"environmentVariables":[{"schemaName":"a3p_GNITFUTBF_TheRSSfeedURL","value":"","name":{"default":"The RSS feed URL","byLcid":{"1033":"The RSS feed URL"}},"typeId":100000000,"description":{"default":"Enter RSS feed URL","byLcid":{"1033":"Enter RSS feed URL"}},"inputControlConfig":"{\u0022control\u0022:{\u0022customerrormessage\u0022:\u0022Enter a valid RSS feed URL\u0022},\u0022validation\u0022:{\u0022regex\u0022:\u0022\\\\bhttps?:\\\\/\\\\/(?:www\\\\.)?[a-zA-Z0-9\\\\-._~:/?#\\\\[\\\\]@!$\u0026\u0027()*\u002B,;=%]\u002B\\\\b\u0022}}","isRequired":true}],"connectionReferences":[{"logicalName":"a3p_sharedconversionservice_48be0","connectionId":"","connectorId":"/providers/Microsoft.PowerApps/apis/shared_conversionservice"},{"logicalName":"a3p_sharedoffice365users_b9f25","connectionId":"","connectorId":"/providers/Microsoft.PowerApps/apis/shared_office365users"},{"logicalName":"a3p_sharedrss_a6b65","connectionId":"","connectorId":"/providers/Microsoft.PowerApps/apis/shared_rss"},{"logicalName":"a3p_sharedteams_9d2f1","connectionId":"","connectorId":"/providers/Microsoft.PowerApps/apis/shared_teams"}],"workflows":[{"name":"Get notified in Teams for updates to blog feed","workflowId":"b73ab7ff-7631-f011-8c4e-6045bd089bda","userEmail":"","systemUserId":"00000000-0000-0000-0000-000000000000"}],"canvasApps":[]}}]}