{"SchemaVersion":"1.0","PublisherId":"GUID","ApplicationId":"GUID","PackageDefinition":{"AssetFolder":"PackageAssets","PackageName":"BeNotifiedWhenInAnEmailToTakeAction","PackageLongName":"Be Notified When @ In An Email To Take Action","PackageDescription":null,"AnchorSolutionUniqueName":"BeNotifiedWhenInAnEmailToTakeAction"},"DeploymentSettings":[{"BeNotifiedWhenInAnEmailToTakeAction":{"environmentVariables":[],"connectionReferences":[{"logicalName":"a3p_sharedoffice365users_761a9","connectionId":"","connectorId":"/providers/Microsoft.PowerApps/apis/shared_office365users"},{"logicalName":"a3p_sharedoffice365_86569","connectionId":"","connectorId":"/providers/Microsoft.PowerApps/apis/shared_office365"},{"logicalName":"a3p_sharedteams_a0462","connectionId":"","connectorId":"/providers/Microsoft.PowerApps/apis/shared_teams"},{"logicalName":"a3p_sharedtodo_62175","connectionId":"","connectorId":"/providers/Microsoft.PowerApps/apis/shared_todo"}],"workflows":[{"name":"Be Notified When @mentioned In An Email To Take Prompt Action","workflowId":"9677b98a-9dfd-ef11-bae2-6045bd086375","userEmail":"","systemUserId":"00000000-0000-0000-0000-000000000000"}],"canvasApps":[]}}]}