{"SchemaVersion":"1.0","PublisherId":"GUID","ApplicationId":"GUID","PackageDefinition":{"AssetFolder":"PackageAssets","PackageName":"SendReminderstoUpdateADO","PackageLongName":"Send Reminders to Update ADO","PackageDescription":null,"AnchorSolutionUniqueName":"SendReminderstoUpdateADO"},"DeploymentSettings":[{"SendReminderstoUpdateADO":{"environmentVariables":[{"schemaName":"a3p_SRUA_AzureDevOps","value":"","name":{"default":"Azure DevOps Organisation","byLcid":{"1033":"Azure DevOps Organisation"}},"typeId":100000004,"isRequired":true,"parameterKey":"account","apiId":"/providers/Microsoft.PowerApps/apis/shared_visualstudioteamservices"},{"schemaName":"a3p_SRUA_AzureDevOpsProject","value":"","name":{"default":"Azure DevOps Project","byLcid":{"1033":"Azure DevOps Project"}},"typeId":100000004,"isRequired":true,"parameterKey":"project","apiId":"/providers/Microsoft.PowerApps/apis/shared_visualstudioteamservices","parentSchemaName":"a3p_SRUA_AzureDevOps"},{"schemaName":"a3p_SRUA_AzureDevOpsTeam","value":"","name":{"default":"Azure DevOps Team","byLcid":{"1033":"Azure DevOps Team"}},"typeId":100000000,"description":{"default":"You need to manually copy and paste your ADO team name in the textbox. Make sure that this team resides within the previously mentioned ADO organisation and project, otherwise the automation will fail.","byLcid":{"1033":"You need to manually copy and paste your ADO team name in the textbox. Make sure that this team resides within the previously mentioned ADO organisation and project, otherwise the automation will fail."}},"isRequired":true},{"schemaName":"a3p_SRUA_Sendemailformissingstorypoints","value":"","defaultValue":"no","name":{"default":"Send email for missing story points (Defaults to No)","byLcid":{"1033":"Send email for missing story points (Defaults to No)"}},"typeId":100000002,"inputControlConfig":"{\u0022inputcontroltype\u0022:\u0022toggle\u0022}","isRequired":false},{"schemaName":"a3p_SRUA_Sendemailformissingtasks","value":"","defaultValue":"no","name":{"default":"Send email for missing tasks (Defaults to No)","byLcid":{"1033":"Send email for missing tasks (Defaults to No)"}},"typeId":100000002,"inputControlConfig":"{\u0022inputcontroltype\u0022:\u0022toggle\u0022}","isRequired":false},{"schemaName":"a3p_SRUA_Sendemailforunparenteduserstories","value":"","defaultValue":"no","name":{"default":"Send email for unparented user stories (Defaults to No)","byLcid":{"1033":"Send email for unparented user stories (Defaults to No)"}},"typeId":100000002,"inputControlConfig":"{\u0022inputcontroltype\u0022:\u0022toggle\u0022}","isRequired":false},{"schemaName":"a3p_SRUA_SendemailforuserstoriesintheNewstate","value":"","defaultValue":"no","name":{"default":"Send email for user stories in the New state (Defaults to No)","byLcid":{"1033":"Send email for user stories in the New state (Defaults to No)"}},"typeId":100000002,"inputControlConfig":"{\u0022inputcontroltype\u0022:\u0022toggle\u0022}","isRequired":false},{"schemaName":"a3p_SRUA_Sendemailwhenoverloaded","value":"","defaultValue":"no","name":{"default":"Send email when overloaded (Defaults to No)","byLcid":{"1033":"Send email when overloaded (Defaults to No)"}},"typeId":100000002,"inputControlConfig":"{\u0022inputcontroltype\u0022:\u0022toggle\u0022}","isRequired":false},{"schemaName":"a3p_SRUA_WhatADOActivitiesdoyouwanttosetthisupfor","value":"","defaultValue":"Development","name":{"default":"Which ADO Activities do you want to set this up for? (Defaults to Development)","byLcid":{"1033":"Which ADO Activities do you want to set this up for? (Defaults to Development)"}},"typeId":100000000,"description":{"default":"Select one from: Unassigned, Deployment, Design, Development, Documentation, Requirements, Testing","byLcid":{"1033":"Select one from: Unassigned, Deployment, Design, Development, Documentation, Requirements, Testing"}},"inputControlConfig":"{\u0022control\u0022:{\u0022customerrormessage\u0022:\u0022Select one from: Unassigned, Deployment, Design, Development, Documentation, Requirements, Testing\u0022},\u0022validation\u0022:{\u0022regex\u0022:\u0022^(Development|Design|Unassigned|Deployment|Documentation|Requirements|Testing)?$\u0022}}","isRequired":false},{"schemaName":"a3p_TimeZoneDefaultstoPacificStandardTime","value":"","defaultValue":"Pacific Standard Time","name":{"default":"Time Zone (Defaults to Pacific Standard Time)","byLcid":{"1033":"Time Zone (Defaults to Pacific Standard Time)"}},"typeId":100000000,"description":{"default":"Paste \u0022Name Of Time Zone\u0022 from the table in the \u0022Learn More\u0022 link and remove any periods \u0027.\u0027 from the name.","byLcid":{"1033":"Paste \u0022Name Of Time Zone\u0022 from the table in the \u0022Learn More\u0022 link and remove any periods \u0027.\u0027 from the name."}},"learnMoreUrl":"https://aka.ms/flowtimezone","isRequired":false}],"connectionReferences":[{"logicalName":"a3p_sharedoffice365users_b902b","connectionId":"","connectorId":"/providers/Microsoft.PowerApps/apis/shared_office365users"},{"logicalName":"a3p_sharedoffice365_131f4","connectionId":"","connectorId":"/providers/Microsoft.PowerApps/apis/shared_office365"},{"logicalName":"new_sharedvisualstudioteamservices_827cf","connectionId":"","connectorId":"/providers/Microsoft.PowerApps/apis/shared_visualstudioteamservices"}],"workflows":[{"name":"Send Reminders to Update ADO","workflowId":"ffd7ac18-3c27-f011-8c4e-6045bd089bda","userEmail":"","systemUserId":"00000000-0000-0000-0000-000000000000"}],"canvasApps":[]}}]}