{"SchemaVersion":"1.0","PublisherId":"GUID","ApplicationId":"GUID","PackageDefinition":{"AssetFolder":"PackageAssets","PackageName":"ScheduleTimeforLearning","PackageLongName":"Schedule Time for Learning","PackageDescription":null,"AnchorSolutionUniqueName":"ScheduleTimeforLearning"},"DeploymentSettings":[{"ScheduleTimeforLearning":{"environmentVariables":[{"schemaName":"a3p_STFL_Howmanyminuteswouldyouliketosetasideforlearning","value":"","defaultValue":"15","name":{"default":"How many minutes would you like to set aside for learning?","byLcid":{"1033":"How many minutes would you like to set aside for learning?"}},"typeId":100000001,"inputControlConfig":"{\u0022inputcontroltype\u0022:\u0022slider\u0022,\u0022control\u0022:{\u0022minvalue\u0022:15,\u0022maxvalue\u0022:180,\u0022step\u0022:15}}","isRequired":false},{"schemaName":"a3p_STFL_Selectyourtimezone","value":"","defaultValue":"Pacific Standard Time","name":{"default":"Time zone (Defaults to Pacific Standard Time)","byLcid":{"1033":"Time zone (Defaults to Pacific Standard Time)"}},"typeId":100000000,"description":{"default":"Paste \u0022Name Of Time Zone\u0022 from the table in the \u0022Learn More\u0022 link and remove any periods \u0027.\u0027 from the name.","byLcid":{"1033":"Paste \u0022Name Of Time Zone\u0022 from the table in the \u0022Learn More\u0022 link and remove any periods \u0027.\u0027 from the name."}},"learnMoreUrl":"https://aka.ms/flowtimezone","isRequired":false},{"schemaName":"a3p_STFL_Whatisthesmallestdurationthatyouwouldlikescheduled","value":"","defaultValue":"15","name":{"default":"What is the smallest duration that you would like scheduled?","byLcid":{"1033":"What is the smallest duration that you would like scheduled?"}},"typeId":100000001,"inputControlConfig":"{\u0022inputcontroltype\u0022:\u0022slider\u0022,\u0022control\u0022:{\u0022minvalue\u0022:15,\u0022maxvalue\u0022:60,\u0022step\u0022:15}}","isRequired":false},{"schemaName":"a3p_STFL_Wouldyouliketoreceiveanemailupdatewhenevertimeisbookedonyourcalendar","value":"","defaultValue":"no","name":{"default":"Would you like to receive an email update whenever time is booked on your calendar","byLcid":{"1033":"Would you like to receive an email update whenever time is booked on your calendar"}},"typeId":100000002,"inputControlConfig":"{\u0022inputcontroltype\u0022:\u0022toggle\u0022}","isRequired":false}],"connectionReferences":[{"logicalName":"a3p_sharedoffice365users_e018c","connectionId":"","connectorId":"/providers/Microsoft.PowerApps/apis/shared_office365users"},{"logicalName":"a3p_sharedoffice365_fecb4","connectionId":"","connectorId":"/providers/Microsoft.PowerApps/apis/shared_office365"}],"workflows":[{"name":"Schedule Time for Learning","workflowId":"f3bcf124-9ffd-ef11-bae2-00224809ce46","userEmail":"","systemUserId":"00000000-0000-0000-0000-000000000000"}],"canvasApps":[]}}]}