{"SchemaVersion":"1.0","PublisherId":"GUID","ApplicationId":"GUID","PackageDefinition":{"AssetFolder":"PackageAssets","PackageName":"UnplannedOOFAssistant","PackageLongName":"Unplanned OOF Assistant","PackageDescription":null,"AnchorSolutionUniqueName":"UnplannedOOFAssistant"},"DeploymentSettings":[{"UnplannedOOFAssistant":{"environmentVariables":[{"schemaName":"a3p_UOA_Commenttosendwhilecancellingeventsfortheday","value":"","defaultValue":"Hi, I will have to cancel today\u0027s event as I\u0027ll be out of office today. The event may disappear from your calendars. Thanks [Auto generated]","name":{"default":"Comment to send while cancelling events for the day","byLcid":{"1033":"Comment to send while cancelling events for the day"}},"typeId":100000000,"description":{"default":"Default: Hi, I will have to cancel today\u0027s event as I\u0027ll be out of office today. The event may disappear from your calendars. Thanks [Auto generated]","byLcid":{"1033":"Default: Hi, I will have to cancel today\u0027s event as I\u0027ll be out of office today. The event may disappear from your calendars. Thanks [Auto generated]"}},"isRequired":false},{"schemaName":"a3p_UOA_Commenttosendwhiledecliningeventsfortheday","value":"","defaultValue":"Hi, I\u0027m sorry I\u0027ll have to be out of office today. [Auto generated]","name":{"default":"Comment to send while declining events for the day","byLcid":{"1033":"Comment to send while declining events for the day"}},"typeId":100000000,"description":{"default":"Default: Hi, I\u0027m sorry I\u0027ll have to be out of office today. [Auto generated]","byLcid":{"1033":"Default: Hi, I\u0027m sorry I\u0027ll have to be out of office today. [Auto generated]"}},"isRequired":false},{"schemaName":"a3p_UOA_ContentofAutoreplytobesetfortheday","value":"","defaultValue":"I will be out of office for the day, please expect some delay in response. Thanks","name":{"default":"Content of Auto-reply to be set for the day","byLcid":{"1033":"Content of Auto-reply to be set for the day"}},"typeId":100000000,"description":{"default":"Default: I will be out of office for the day, please expect some delay in response. Thanks","byLcid":{"1033":"Default: I will be out of office for the day, please expect some delay in response. Thanks"}},"isRequired":false},{"schemaName":"a3p_UOA_ContentofOutofOfficeemailtobesenttoworkgroup","value":"","defaultValue":"I will be out of office for the day, please expect some delay in response.  Thanks","name":{"default":"Content of Out of Office email to be sent to workgroup","byLcid":{"1033":"Content of Out of Office email to be sent to workgroup"}},"typeId":100000000,"description":{"default":"Default: I will be out of office for the day, please expect some delay in response. Thanks","byLcid":{"1033":"Default: I will be out of office for the day, please expect some delay in response. Thanks"}},"isRequired":false},{"schemaName":"a3p_UOA_EmailaddressestosendtheOutofOfficeemailto","value":"","defaultValue":";","name":{"default":"Email addresses to send the Out of Office email to","byLcid":{"1033":"Email addresses to send the Out of Office email to"}},"typeId":100000000,"inputControlConfig":"{\u0022control\u0022:{\u0022customerrormessage\u0022:\u0022Please enter valid email addresses separated by a semi-colon. Example: deva@contoso.com;devb@contoso.com;devc@contoso.com\u0022},\u0022validation\u0022:{\u0022regex\u0022:\u0022^\\\\s*(?:[a-zA-Z0-9._%\u002B-]\u002B@[a-zA-Z0-9.-]\u002B\\\\.[a-zA-Z]{2,})(?:\\\\s*(;\\\\s*[a-zA-Z0-9._%\u002B-]\u002B@[a-zA-Z0-9.-]\u002B\\\\.[a-zA-Z]{2,}))*\\\\s*$|^\\\\s*;$\u0022}}","isRequired":false},{"schemaName":"a3p_UOA_SubjectofOutofOfficeemailtobesenttoworkgroup","value":"","defaultValue":"Automatic : I\u0027ll be Out Of Office Today","name":{"default":"Subject of Out of Office email to be sent to workgroup","byLcid":{"1033":"Subject of Out of Office email to be sent to workgroup"}},"typeId":100000000,"description":{"default":"Default: Automatic: I\u0027ll be Out Of Office Today","byLcid":{"1033":"Default: Automatic: I\u0027ll be Out Of Office Today"}},"isRequired":false},{"schemaName":"a3p_UOA_Timezone","value":"","defaultValue":"Pacific Standard Time","name":{"default":"Time zone (Defaults to Pacific Standard Time)","byLcid":{"1033":"Time zone (Defaults to Pacific Standard Time)"}},"typeId":100000000,"description":{"default":"Paste \u0022Name Of Time Zone\u0022 from the table in the \u0022Learn More\u0022 link and remove any periods \u0027.\u0027 from the name.","byLcid":{"1033":"Paste \u0022Name Of Time Zone\u0022 from the table in the \u0022Learn More\u0022 link and remove any periods \u0027.\u0027 from the name."}},"learnMoreUrl":"https://aka.ms/flowtimezone","isRequired":false}],"connectionReferences":[{"logicalName":"a3p_sharedoffice365_2562a","connectionId":"","connectorId":"/providers/Microsoft.PowerApps/apis/shared_office365"}],"workflows":[{"name":"Unplanned OOF Assistant","workflowId":"c74776ba-03fe-ef11-bae2-000d3a318fce","userEmail":"","systemUserId":"00000000-0000-0000-0000-000000000000"}],"canvasApps":[]}}]}