{"SchemaVersion":"1.0","PublisherId":"GUID","ApplicationId":"GUID","PackageDefinition":{"AssetFolder":"PackageAssets","PackageName":"EnforceNoMeetingDay","PackageLongName":"Enforce No Meeting Day","PackageDescription":null,"AnchorSolutionUniqueName":"EnforceNoMeetingDay"},"DeploymentSettings":[{"EnforceNoMeetingDay":{"environmentVariables":[{"schemaName":"a3p_ENMD_Dayoftheweekthatisanomeetingday","value":"","defaultValue":"Friday","name":{"default":"Day of the week that is a no meeting day (Defaults to Friday)","byLcid":{"1033":"Day of the week that is a no meeting day (Defaults to Friday)"}},"typeId":100000000,"inputControlConfig":"{\u0022control\u0022:{\u0022customerrormessage\u0022:\u0022Make sure you have entered the day completely and correctly. It should start with an upper-case letter, example: Wednesday.\u0022},\u0022validation\u0022:{\u0022regex\u0022:\u0022^(Sunday|Monday|Tuesday|Wednesday|Thursday|Friday|Saturday)?$\u0022}}","isRequired":false},{"schemaName":"a3p_ENMD_Earliesthourinyourlocaltimefromwhenameetingtimeshouldbesuggested","value":"","defaultValue":"0","name":{"default":"Earliest hour in your local time from when a meeting time should be suggested","byLcid":{"1033":"Earliest hour in your local time from when a meeting time should be suggested"}},"typeId":100000001,"description":{"default":"A meeting time will be suggested starting after this hour on the next working day.","byLcid":{"1033":"A meeting time will be suggested starting after this hour on the next working day."}},"inputControlConfig":"{\u0022inputcontroltype\u0022:\u0022slider\u0022,\u0022control\u0022:{\u0022minvalue\u0022:0,\u0022maxvalue\u0022:24,\u0022step\u0022:1}}","isRequired":false},{"schemaName":"a3p_ENMD_Latesthourinyourlocaltimeuntilwhenameetingtimeshouldbesuggested","value":"","defaultValue":"0","name":{"default":"Latest hour in your local time until when a meeting time should be suggested","byLcid":{"1033":"Latest hour in your local time until when a meeting time should be suggested"}},"typeId":100000001,"description":{"default":"A meeting time will be suggested ending before this hour exactly one week later.","byLcid":{"1033":"A meeting time will be suggested ending before this hour exactly one week later."}},"inputControlConfig":"{\u0022inputcontroltype\u0022:\u0022slider\u0022,\u0022control\u0022:{\u0022minvalue\u0022:0,\u0022maxvalue\u0022:24,\u0022step\u0022:1}}","isRequired":false},{"schemaName":"a3p_ENMD_ReceiveacknowledgmentinTeams","value":"","defaultValue":"no","name":{"default":"Receive acknowledgment in Teams","byLcid":{"1033":"Receive acknowledgment in Teams"}},"typeId":100000002,"inputControlConfig":"{\u0022inputcontroltype\u0022:\u0022toggle\u0022}","isRequired":false},{"schemaName":"a3p_ENMD_ResponsetoinvitesfromINSIDEyourorganization","value":"","defaultValue":"Decline","name":{"default":"Response to invites (Defaults to Decline)","byLcid":{"1033":"Response to invites (Defaults to Decline)"}},"typeId":100000000,"description":{"default":"Actions to choose from: Tentative, Decline, Ask me every time","byLcid":{"1033":"Actions to choose from: Tentative, Decline, Ask me every time"}},"inputControlConfig":"{\u0022control\u0022:{\u0022customerrormessage\u0022:\u0022This field is case-sensitive. Make sure to choose from: Tentative, Decline, Ask me every time\u0022},\u0022validation\u0022:{\u0022regex\u0022:\u0022^(Tentative|Decline|Ask me every time)?$\u0022}}","isRequired":false},{"schemaName":"a3p_ENMD_SelectCalendarfromthelistbelowtomonitoryourdefaultcalendar","value":"","defaultValue":"AAMkADhlOTFmNDY1LTEzZGUtNGEwNS05ZGIzLWFkNTg2ZjFiZTNkMQBGAAAAAABSn_wgSUDpS6FbsQGxZGQSBwA9PxeMtWHxSL129LnSIBZ9AAAAAAEGAAA9PxeMtWHxSL129LnSIBZ9AAACogTAAAA=","name":{"default":"Select \u0022Calendar\u0022 from the list below to monitor your default calendar","byLcid":{"1033":"Select \u0022Calendar\u0022 from the list below to monitor your default calendar"}},"typeId":100000004,"isRequired":true,"parameterKey":"calendars","apiId":"/providers/microsoft.powerapps/apis/shared_office365"},{"schemaName":"a3p_ENMD_Suggestanalternativemeetingtimewithautoresponse","value":"","defaultValue":"no","name":{"default":"Suggest an alternative meeting time with auto-response","byLcid":{"1033":"Suggest an alternative meeting time with auto-response"}},"typeId":100000002,"inputControlConfig":"{\u0022inputcontroltype\u0022:\u0022toggle\u0022}","isRequired":false},{"schemaName":"a3p_ENMD_Timezoneyouworkin","value":"","defaultValue":"Pacific Standard Time","name":{"default":"Time zone you work in (Defaults to Pacific Standard Time)","byLcid":{"1033":"Time zone you work in (Defaults to Pacific Standard Time)"}},"typeId":100000000,"description":{"default":"Paste \u0022Name Of Time Zone\u0022 from the table in the \u0022Learn More\u0022 link and remove any periods \u0027.\u0027 from the name.","byLcid":{"1033":"Paste \u0022Name Of Time Zone\u0022 from the table in the \u0022Learn More\u0022 link and remove any periods \u0027.\u0027 from the name."}},"learnMoreUrl":"https://aka.ms/flowtimezone","isRequired":false}],"connectionReferences":[{"logicalName":"a3p_sharedoffice365users_c2a52","connectionId":"","connectorId":"/providers/Microsoft.PowerApps/apis/shared_office365users"},{"logicalName":"a3p_sharedoffice365_86952","connectionId":"","connectorId":"/providers/Microsoft.PowerApps/apis/shared_office365"},{"logicalName":"a3p_sharedteams_68af2","connectionId":"","connectorId":"/providers/Microsoft.PowerApps/apis/shared_teams"}],"workflows":[{"name":"Enforce No Meeting Day","workflowId":"54fb3708-6f09-f011-bae2-00224802cf58","userEmail":"","systemUserId":"00000000-0000-0000-0000-000000000000"}],"canvasApps":[]}}]}