{"SchemaVersion":"1.0","PublisherId":"GUID","ApplicationId":"GUID","PackageDefinition":{"AssetFolder":"PackageAssets","PackageName":"PlannerTasksforFormsResponses","PackageLongName":"Planner Tasks for Forms Responses","PackageDescription":null,"AnchorSolutionUniqueName":"PlannerTasksforFormsResponses"},"DeploymentSettings":[{"PlannerTasksforFormsResponses":{"environmentVariables":[{"schemaName":"a3p_PTFM_Form","value":"","name":{"default":"Form","byLcid":{"1033":"Form"}},"typeId":100000004,"isRequired":true,"parameterKey":"form_id","apiId":"/providers/Microsoft.PowerApps/apis/shared_microsoftforms"},{"schemaName":"a3p_PTFM_Planner","value":"","name":{"default":"Planner Group","byLcid":{"1033":"Planner Group"}},"typeId":100000004,"isRequired":true,"parameterKey":"groupId","apiId":"/providers/Microsoft.PowerApps/apis/shared_planner"},{"schemaName":"a3p_PTFM_PlannerPlan","value":"","name":{"default":"Planner Plan","byLcid":{"1033":"Planner Plan"}},"typeId":100000004,"description":{"default":"This is a required field, do not proceed without selecting the planner.","byLcid":{"1033":"This is a required field, do not proceed without selecting the planner."}},"isRequired":true,"parameterKey":"planId","apiId":"/providers/Microsoft.PowerApps/apis/shared_planner","parentSchemaName":"a3p_PTFM_Planner"}],"connectionReferences":[{"logicalName":"a3p_sharedmicrosoftforms_0c8fd","connectionId":"","connectorId":"/providers/Microsoft.PowerApps/apis/shared_microsoftforms"},{"logicalName":"a3p_sharedoffice365users_f7626","connectionId":"","connectorId":"/providers/Microsoft.PowerApps/apis/shared_office365users"},{"logicalName":"a3p_sharedplanner_cb049","connectionId":"","connectorId":"/providers/Microsoft.PowerApps/apis/shared_planner"},{"logicalName":"a3p_sharedteams_f5e7d","connectionId":"","connectorId":"/providers/Microsoft.PowerApps/apis/shared_teams"}],"workflows":[{"name":"Planner task for Forms","workflowId":"a455776b-9430-f011-8c4d-6045bd03a4da","userEmail":"","systemUserId":"00000000-0000-0000-0000-000000000000"}],"canvasApps":[]}}]}