{"SchemaVersion":"1.0","PublisherId":"GUID","ApplicationId":"GUID","PackageDefinition":{"AssetFolder":"PackageAssets","PackageName":"AutomatedTeamsMessageforAssignedTasks","PackageLongName":"Automated Teams Message for Assigned Tasks","PackageDescription":null,"AnchorSolutionUniqueName":"AutomatedTeamsMessageforAssignedTasks"},"DeploymentSettings":[{"AutomatedTeamsMessageforAssignedTasks":{"environmentVariables":[{"schemaName":"a3p_ATMAT_AAzureDevOpsOrganisation","value":"","name":{"default":"Azure DevOps Organisation","byLcid":{"1033":"Azure DevOps Organisation"}},"typeId":100000004,"isRequired":true,"parameterKey":"account","apiId":"/providers/Microsoft.PowerApps/apis/shared_visualstudioteamservices"},{"schemaName":"a3p_ATMAT_AAzureDevOpsProject","value":"","name":{"default":"Azure DevOps Project","byLcid":{"1033":"Azure DevOps Project"}},"typeId":100000004,"isRequired":true,"parameterKey":"project","apiId":"/providers/Microsoft.PowerApps/apis/shared_visualstudioteamservices","parentSchemaName":"a3p_ATMAT_AAzureDevOpsOrganisation"},{"schemaName":"a3p_ATMAT_AAzureDevOpsTeam","value":"","name":{"default":"Azure DevOps Team","byLcid":{"1033":"Azure DevOps Team"}},"typeId":100000000,"description":{"default":"You need to manually copy and paste your ADO team name in the textbox. Make sure that this team resides within the previously mentioned ADO organisation and project, otherwise the automation will fail.","byLcid":{"1033":"You need to manually copy and paste your ADO team name in the textbox. Make sure that this team resides within the previously mentioned ADO organisation and project, otherwise the automation will fail."}},"isRequired":true},{"schemaName":"a3p_ATMAT_AzureDevOpsAssignee","value":"","name":{"default":"Azure DevOps Assignee","byLcid":{"1033":"Azure DevOps Assignee"}},"typeId":100000000,"description":{"default":"You need to manually copy and paste the email of the Assignee. Make sure that this email resides within the previously mentioned ADO organisation, project and team, otherwise the automation will fail.","byLcid":{"1033":"You need to manually copy and paste the email of the Assignee. Make sure that this email resides within the previously mentioned ADO organisation, project and team, otherwise the automation will fail."}},"inputControlConfig":"{\u0022control\u0022:{\u0022customerrormessage\u0022:\u0022Enter a valid email id\u0022},\u0022validation\u0022:{\u0022regex\u0022:\u0022^\\\\s*[a-zA-Z0-9._%\u002B-]\u002B@[a-zA-Z0-9.-]\u002B\\\\.[a-zA-Z]{2,}\\\\s*$\u0022}}","isRequired":true},{"schemaName":"a3p_ATMAT_AzureDevOpsWorkItemTypes","value":"","defaultValue":"Task, Bug, Test Case","name":{"default":"Azure DevOps Work Item Types","byLcid":{"1033":"Azure DevOps Work Item Types"}},"typeId":100000000,"description":{"default":"Make sure you to enter the work item types supported in the Azure DevOps org mentioned. Use comma to separate multiple work item types. (Defaults to: Task, Bug, Test Case)","byLcid":{"1033":"Make sure you to enter the work item types supported in the Azure DevOps org mentioned. Use comma to separate multiple work item types. (Defaults to: Task, Bug, Test Case)"}},"isRequired":false}],"connectionReferences":[{"logicalName":"a3p_sharedteams_cf3fe","connectionId":"","connectorId":"/providers/Microsoft.PowerApps/apis/shared_teams"},{"logicalName":"new_sharedvisualstudioteamservices_827cf","connectionId":"","connectorId":"/providers/Microsoft.PowerApps/apis/shared_visualstudioteamservices"}],"workflows":[{"name":"Automated Alerts ADO Tasks","workflowId":"02ab18f6-5b2a-f011-8c4e-6045bd0857df","userEmail":"","systemUserId":"00000000-0000-0000-0000-000000000000"}],"canvasApps":[]}}]}