{"SchemaVersion":"1.0","PublisherId":"GUID","ApplicationId":"GUID","PackageDefinition":{"AssetFolder":"PackageAssets","PackageName":"DailyConsolidatedTaskListTeamsNotification","PackageLongName":"Daily Consolidated Task List Teams Notification","PackageDescription":null,"AnchorSolutionUniqueName":"DailyConsolidatedTaskListTeamsNotification"},"DeploymentSettings":[{"DailyConsolidatedTaskListTeamsNotification":{"environmentVariables":[{"schemaName":"daw_DCTLTN_MaximumnumberofDueLatertasksthatyouwanttoberemindedof","value":"","defaultValue":"5","name":{"default":"Maximum number of Due Later tasks that you want to be reminded of","byLcid":{"1033":"Maximum number of Due Later tasks that you want to be reminded of"}},"typeId":100000001,"inputControlConfig":"{\u0022inputcontroltype\u0022:\u0022slider\u0022,\u0022control\u0022:{\u0022minvalue\u0022:5,\u0022maxvalue\u0022:10,\u0022step\u0022:1}}","isRequired":false},{"schemaName":"daw_DCTLTN_MaximumnumberofDueTodaytasksthatyouwanttoberemindedof","value":"","defaultValue":"5","name":{"default":"Maximum number of Due Today tasks that you want to be reminded of","byLcid":{"1033":"Maximum number of Due Today tasks that you want to be reminded of"}},"typeId":100000001,"inputControlConfig":"{\u0022inputcontroltype\u0022:\u0022slider\u0022,\u0022control\u0022:{\u0022minvalue\u0022:5,\u0022maxvalue\u0022:10}}","isRequired":false},{"schemaName":"daw_DCTLTN_MaximumnumberofOverduetasksthatyouwanttoberemindedof","value":"","defaultValue":"5","name":{"default":"Maximum number of Overdue tasks that you want to be reminded of","byLcid":{"1033":"Maximum number of Overdue tasks that you want to be reminded of"}},"typeId":100000001,"inputControlConfig":"{\u0022inputcontroltype\u0022:\u0022slider\u0022,\u0022control\u0022:{\u0022minvalue\u0022:5,\u0022maxvalue\u0022:10}}","isRequired":false},{"schemaName":"daw_DCTLTN_MeetingTimeZone","value":"","defaultValue":"Pacific Standard Time","name":{"default":"Meeting Time Zone (Defaults to Pacific Standard Time)","byLcid":{"1033":"Meeting Time Zone (Defaults to Pacific Standard Time)"}},"typeId":100000000,"description":{"default":"Paste \u0022Name Of Time Zone\u0022 from the table in the \u0022Learn More\u0022 link and remove any periods \u0027.\u0027 from the name.","byLcid":{"1033":"Paste \u0022Name Of Time Zone\u0022 from the table in the \u0022Learn More\u0022 link and remove any periods \u0027.\u0027 from the name."}},"learnMoreUrl":"https://aka.ms/flowtimezone","isRequired":false}],"connectionReferences":[{"logicalName":"daw_sharedoffice365users_c2366","connectionId":"","connectorId":"/providers/Microsoft.PowerApps/apis/shared_office365users"},{"logicalName":"daw_sharedoffice365_435c2","connectionId":"","connectorId":"/providers/Microsoft.PowerApps/apis/shared_office365"},{"logicalName":"daw_sharedplanner_28bb9","connectionId":"","connectorId":"/providers/Microsoft.PowerApps/apis/shared_planner"},{"logicalName":"daw_sharedteams_c47f3","connectionId":"","connectorId":"/providers/Microsoft.PowerApps/apis/shared_teams"},{"logicalName":"daw_sharedtodo_23678","connectionId":"","connectorId":"/providers/Microsoft.PowerApps/apis/shared_todo"}],"workflows":[{"name":"Daily Consolidated Task List Teams Notification","workflowId":"a0d8a5f7-7efa-ef11-9341-6045bd0426ea","userEmail":"","systemUserId":"00000000-0000-0000-0000-000000000000"}],"canvasApps":[]}}]}