{"SchemaVersion":"1.0","PublisherId":"GUID","ApplicationId":"GUID","PackageDefinition":{"AssetFolder":"PackageAssets","PackageName":"NotifyofCanceledMeetings","PackageLongName":"Notify of Canceled Meetings","PackageDescription":null,"AnchorSolutionUniqueName":"NotifyofCanceledMeetings"},"DeploymentSettings":[{"NotifyofCanceledMeetings":{"environmentVariables":[],"connectionReferences":[{"logicalName":"a3p_sharedoffice365users_e46fc","connectionId":"","connectorId":"/providers/Microsoft.PowerApps/apis/shared_office365users"},{"logicalName":"a3p_sharedoffice365_18250","connectionId":"","connectorId":"/providers/Microsoft.PowerApps/apis/shared_office365"},{"logicalName":"a3p_sharedteams_70c0d","connectionId":"","connectorId":"/providers/Microsoft.PowerApps/apis/shared_teams"}],"workflows":[{"name":"Notify of Canceled Meetings","workflowId":"991375d2-d7fd-ef11-bae2-0022480b0d29","userEmail":"","systemUserId":"00000000-0000-0000-0000-000000000000"}],"canvasApps":[]}}]}