{"SchemaVersion":"1.0","PublisherId":"GUID","ApplicationId":"GUID","PackageDefinition":{"AssetFolder":"PackageAssets","PackageName":"SharePointListItemChange","PackageLongName":"SharePoint List Item Change ","PackageDescription":null,"AnchorSolutionUniqueName":"SharePointListItemChange"},"DeploymentSettings":[{"SharePointListItemChange":{"environmentVariables":[{"schemaName":"a3p_SLIC_SharePointListItem","value":"","name":{"default":"SharePoint List","byLcid":{"1033":"SharePoint List"}},"typeId":100000004,"description":{"default":"This is a required field, do not proceed without selecting the Sharepoint List.","byLcid":{"1033":"This is a required field, do not proceed without selecting the Sharepoint List."}},"isRequired":true,"parameterKey":"table","apiId":"/providers/Microsoft.PowerApps/apis/shared_sharepointonline","parentSchemaName":"a3p_SLIC_SharePointSiteAddress"},{"schemaName":"a3p_SLIC_SharePointSiteAddress","value":"","name":{"default":"SharePoint Site Address","byLcid":{"1033":"SharePoint Site Address"}},"typeId":100000004,"description":{"default":"This is a required field, do not proceed without selecting the Sharepoint Site.","byLcid":{"1033":"This is a required field, do not proceed without selecting the Sharepoint Site."}},"isRequired":true,"parameterKey":"dataset","apiId":"/providers/Microsoft.PowerApps/apis/shared_sharepointonline"}],"connectionReferences":[{"logicalName":"a3p_sharedoffice365users_a03e0","connectionId":"","connectorId":"/providers/Microsoft.PowerApps/apis/shared_office365users"},{"logicalName":"a3p_sharedoffice365_f7863","connectionId":"","connectorId":"/providers/Microsoft.PowerApps/apis/shared_office365"},{"logicalName":"new_sharedsharepointonline_338da","connectionId":"","connectorId":"/providers/Microsoft.PowerApps/apis/shared_sharepointonline"}],"workflows":[{"name":"Send an email when a list item is added/modified in a SharePoint list","workflowId":"58845fbc-5237-f011-8c4e-6045bd014f5b","userEmail":"","systemUserId":"00000000-0000-0000-0000-000000000000"}],"canvasApps":[]}}]}