{"SchemaVersion":"1.0","PublisherId":"GUID","ApplicationId":"GUID","PackageDefinition":{"AssetFolder":"PackageAssets","PackageName":"DailyOpenItemReminders","PackageLongName":"Daily Open Item Reminders","PackageDescription":null,"AnchorSolutionUniqueName":"DailyOpenItemReminders"},"DeploymentSettings":[{"DailyOpenItemReminders":{"environmentVariables":[{"schemaName":"a3p_DOIR_AzureDevOpsOrganisation","value":"","name":{"default":"Azure DevOps Organisation","byLcid":{"1033":"Azure DevOps Organisation"}},"typeId":100000004,"isRequired":true,"parameterKey":"account","apiId":"/providers/Microsoft.PowerApps/apis/shared_visualstudioteamservices"},{"schemaName":"a3p_DOIR_AzureDevOpsProject","value":"","name":{"default":"Azure DevOps Project","byLcid":{"1033":"Azure DevOps Project"}},"typeId":100000004,"isRequired":true,"parameterKey":"project","apiId":"/providers/Microsoft.PowerApps/apis/shared_visualstudioteamservices","parentSchemaName":"a3p_DOIR_AzureDevOpsOrganisation"},{"schemaName":"a3p_DOIR_AzureDevOpsTeam","value":"","name":{"default":"Azure DevOps Team","byLcid":{"1033":"Azure DevOps Team"}},"typeId":100000000,"description":{"default":"mentioned ADO organisation and project, otherwise the automation will fail.","byLcid":{"1033":"mentioned ADO organisation and project, otherwise the automation will fail."}},"isRequired":true},{"schemaName":"a3p_DOIR_AzureDevOpsWorkItemTypes","value":"","defaultValue":"Task, Bug, Test Case","name":{"default":"Azure DevOps Work Item Types","byLcid":{"1033":"Azure DevOps Work Item Types"}},"typeId":100000000,"description":{"default":"Make sure you to enter the work item types supported in the Azure DevOps org mentioned. Use comma to separate multiple work item types. (Defaults to: Task, Bug, Test Case)","byLcid":{"1033":"Make sure you to enter the work item types supported in the Azure DevOps org mentioned. Use comma to separate multiple work item types. (Defaults to: Task, Bug, Test Case)"}},"isRequired":false},{"schemaName":"a3p_DOIR_TimeZone","value":"","defaultValue":"Pacific Standard Time","name":{"default":"Time Zone (Defaults to Pacific Standard Time)","byLcid":{"1033":"Time Zone (Defaults to Pacific Standard Time)"}},"typeId":100000000,"description":{"default":"Paste \u0022Name Of Time Zone\u0022 from the table in the \u0022Learn More\u0022 link and remove any periods \u0027.\u0027 from the name.","byLcid":{"1033":"Paste \u0022Name Of Time Zone\u0022 from the table in the \u0022Learn More\u0022 link and remove any periods \u0027.\u0027 from the name."}},"learnMoreUrl":"https://aka.ms/flowtimezone","isRequired":false}],"connectionReferences":[{"logicalName":"a3p_sharedoffice365users_7c6dc","connectionId":"","connectorId":"/providers/Microsoft.PowerApps/apis/shared_office365users"},{"logicalName":"a3p_sharedoffice365_13596","connectionId":"","connectorId":"/providers/Microsoft.PowerApps/apis/shared_office365"},{"logicalName":"a3p_sharedteams_9ff4a","connectionId":"","connectorId":"/providers/Microsoft.PowerApps/apis/shared_teams"},{"logicalName":"a3p_sharedvisualstudioteamservices_4eb1a","connectionId":"","connectorId":"/providers/Microsoft.PowerApps/apis/shared_visualstudioteamservices"}],"workflows":[{"name":"Daily Open Item Reminders","workflowId":"56ca62d6-808d-f011-b4cc-0022480c17e8","userEmail":"","systemUserId":"00000000-0000-0000-0000-000000000000"}],"canvasApps":[]}}]}