{"SchemaVersion":"1.0","PublisherId":"GUID","ApplicationId":"GUID","PackageDefinition":{"AssetFolder":"PackageAssets","PackageName":"Plannertaskforflaggedemail","PackageLongName":"Planner task for flagged email","PackageDescription":null,"AnchorSolutionUniqueName":"Plannertaskforflaggedemail"},"DeploymentSettings":[{"Plannertaskforflaggedemail":{"environmentVariables":[{"schemaName":"a3p_PTFE_Planner","value":"","name":{"default":"Planner","byLcid":{"1033":"Planner"}},"typeId":100000004,"description":{"default":"This is a required field, do not proceed without selecting the planner.","byLcid":{"1033":"This is a required field, do not proceed without selecting the planner."}},"isRequired":true,"parameterKey":"planId","apiId":"/providers/Microsoft.PowerApps/apis/shared_planner","parentSchemaName":"a3p_PTFE_PlannerGroup"},{"schemaName":"a3p_PTFE_PlannerGroup","value":"","name":{"default":"Planner Group","byLcid":{"1033":"Planner Group"}},"typeId":100000004,"isRequired":true,"parameterKey":"groupId","apiId":"/providers/Microsoft.PowerApps/apis/shared_planner"}],"connectionReferences":[{"logicalName":"a3p_sharedoffice365users_8d6fe","connectionId":"","connectorId":"/providers/Microsoft.PowerApps/apis/shared_office365users"},{"logicalName":"a3p_sharedoffice365_e0241","connectionId":"","connectorId":"/providers/Microsoft.PowerApps/apis/shared_office365"},{"logicalName":"a3p_sharedplanner_a44d3","connectionId":"","connectorId":"/providers/Microsoft.PowerApps/apis/shared_planner"},{"logicalName":"a3p_sharedteams_ffa49","connectionId":"","connectorId":"/providers/Microsoft.PowerApps/apis/shared_teams"}],"workflows":[{"name":"Planner task for flagged email","workflowId":"49ff6f98-cf2b-f011-8c4d-6045bd026e6a","userEmail":"","systemUserId":"00000000-0000-0000-0000-000000000000"}],"canvasApps":[]}}]}