{"SchemaVersion":"1.0","PublisherId":"GUID","ApplicationId":"GUID","PackageDefinition":{"AssetFolder":"PackageAssets","PackageName":"NudgeForEmailsAwaitingResponse","PackageLongName":"Nudge For Emails Awaiting Response","PackageDescription":null,"AnchorSolutionUniqueName":"NudgeForEmailsAwaitingResponse"},"DeploymentSettings":[{"NudgeForEmailsAwaitingResponse":{"environmentVariables":[{"schemaName":"a3p_NFEAR_Mailfoldertoretrieveincomingemailsfrom","value":"","defaultValue":"AQMkAGZlMDI5YWQzLWZjNjEtNDk2OS1hODVkLTc2NTBjOWMwYzlhNgAuAAADk7yoZ1DtfEagLUwfgqA1YwEAZo2eTj9oB0We3zO4PSrodgAAAgEMAAAA","name":{"default":"Mail folder to retrieve incoming emails from","byLcid":{"1033":"Mail folder to retrieve incoming emails from"}},"typeId":100000004,"isRequired":true,"parameterKey":"mailFolders","apiId":"/providers/microsoft.powerapps/apis/shared_office365"},{"schemaName":"a3p_NFEAR_Numberofdaysafterwhichyouwanttonudge","value":"","defaultValue":"1","name":{"default":"Select the number of days after which you want to nudge the recipient for reply.","byLcid":{"1033":"Select the number of days after which you want to nudge the recipient for reply."}},"typeId":100000001,"inputControlConfig":"{\u0022inputcontroltype\u0022:\u0022slider\u0022,\u0022control\u0022:{\u0022minvalue\u0022:1,\u0022maxvalue\u0022:10,\u0022step\u0022:1}}","isRequired":false}],"connectionReferences":[{"logicalName":"a3p_sharedconversionservice_4d1a5","connectionId":"","connectorId":"/providers/Microsoft.PowerApps/apis/shared_conversionservice"},{"logicalName":"a3p_sharedoffice365users_89a4a","connectionId":"","connectorId":"/providers/Microsoft.PowerApps/apis/shared_office365users"},{"logicalName":"a3p_sharedoffice365_b9dd2","connectionId":"","connectorId":"/providers/Microsoft.PowerApps/apis/shared_office365"},{"logicalName":"a3p_sharedteams_0bbc3","connectionId":"","connectorId":"/providers/Microsoft.PowerApps/apis/shared_teams"}],"workflows":[{"name":"Nudge For Emails Awaiting Response","workflowId":"02474b00-4d09-f011-bae2-00224806af80","userEmail":"","systemUserId":"00000000-0000-0000-0000-000000000000"}],"canvasApps":[]}}]}