{"SchemaVersion":"1.0","PublisherId":"GUID","ApplicationId":"GUID","PackageDefinition":{"AssetFolder":"PackageAssets","PackageName":"RemindertoExtendMeetingSeries","PackageLongName":"Reminder to Extend Meeting Series","PackageDescription":null,"AnchorSolutionUniqueName":"RemindertoExtendMeetingSeries"},"DeploymentSettings":[{"RemindertoExtendMeetingSeries":{"environmentVariables":[{"schemaName":"a3p_RTEMS_Receiveemailnotification","value":"","defaultValue":"no","name":{"default":"Receive email notification","byLcid":{"1033":"Receive email notification"}},"typeId":100000002,"inputControlConfig":"{\u0022inputcontroltype\u0022:\u0022toggle\u0022}","isRequired":false},{"schemaName":"a3p_RTEMS_ReceiveTeamsnotification","value":"","defaultValue":"no","name":{"default":"Receive Teams notification","byLcid":{"1033":"Receive Teams notification"}},"typeId":100000002,"inputControlConfig":"{\u0022inputcontroltype\u0022:\u0022toggle\u0022}","isRequired":false},{"schemaName":"a3p_RTEMS_TimeZone","value":"","defaultValue":"Pacific Standard Time","name":{"default":"Time Zone (Defaults to Pacific Standard Time)","byLcid":{"1033":"Time Zone (Defaults to Pacific Standard Time)"}},"typeId":100000000,"description":{"default":"Paste \u0022Name Of Time Zone\u0022 from the table in the \u0022Learn More\u0022 link and remove any periods \u0027.\u0027 from the name.","byLcid":{"1033":"Paste \u0022Name Of Time Zone\u0022 from the table in the \u0022Learn More\u0022 link and remove any periods \u0027.\u0027 from the name."}},"learnMoreUrl":"https://aka.ms/flowtimezone","isRequired":false}],"connectionReferences":[{"logicalName":"a3p_sharedoffice365users_c7b62","connectionId":"","connectorId":"/providers/Microsoft.PowerApps/apis/shared_office365users"},{"logicalName":"a3p_sharedoffice365_91078","connectionId":"","connectorId":"/providers/Microsoft.PowerApps/apis/shared_office365"},{"logicalName":"a3p_sharedteams_d6396","connectionId":"","connectorId":"/providers/Microsoft.PowerApps/apis/shared_teams"}],"workflows":[{"name":"Reminder to Extend Meetings","workflowId":"39a629aa-cbfd-ef11-bae2-6045bd014f5b","userEmail":"","systemUserId":"00000000-0000-0000-0000-000000000000"}],"canvasApps":[]}}]}