{"SchemaVersion":"1.0","PublisherId":"GUID","ApplicationId":"GUID","PackageDefinition":{"AssetFolder":"PackageAssets","PackageName":"CreateTasksforIncompleteUserStories","PackageLongName":"Create Tasks for Incomplete User Stories","PackageDescription":null,"AnchorSolutionUniqueName":"CreateTasksforIncompleteUserStories"},"DeploymentSettings":[{"CreateTasksforIncompleteUserStories":{"environmentVariables":[{"schemaName":"a3p_CTIUS_AzureDevOpsOrganisation","value":"","name":{"default":"Azure DevOps Organisation","byLcid":{"1033":"Azure DevOps Organisation"}},"typeId":100000004,"isRequired":true,"parameterKey":"account","apiId":"/providers/Microsoft.PowerApps/apis/shared_visualstudioteamservices"},{"schemaName":"a3p_CTIUS_AzureDevOpsProject","value":"","name":{"default":"Azure DevOps Project","byLcid":{"1033":"Azure DevOps Project"}},"typeId":100000004,"isRequired":true,"parameterKey":"project","apiId":"/providers/Microsoft.PowerApps/apis/shared_visualstudioteamservices","parentSchemaName":"a3p_CTIUS_AzureDevOpsOrganisation"},{"schemaName":"a3p_CTIUS_AzureDevOpsTeam","value":"","name":{"default":"Azure DevOps Team","byLcid":{"1033":"Azure DevOps Team"}},"typeId":100000000,"description":{"default":"You need to manually copy and paste your ADO team name in the textbox. Make sure that this team resides within the previously mentioned ADO organisation and project, otherwise the automation will fail.","byLcid":{"1033":"You need to manually copy and paste your ADO team name in the textbox. Make sure that this team resides within the previously mentioned ADO organisation and project, otherwise the automation will fail."}},"isRequired":true},{"schemaName":"a3p_CTIUS_DoyouwanttoreceiveanEmailnotification","value":"","defaultValue":"no","name":{"default":"Do you want to receive an Email notification? (Defaults to No)","byLcid":{"1033":"Do you want to receive an Email notification? (Defaults to No)"}},"typeId":100000002,"inputControlConfig":"{\u0022inputcontroltype\u0022:\u0022toggle\u0022}","isRequired":false},{"schemaName":"a3p_CTIUS_DoyouwanttoreceiveaTeamsnotificationDefaultstoNo","value":"","defaultValue":"no","name":{"default":"Do you want to receive a Teams notification? (Defaults to No)","byLcid":{"1033":"Do you want to receive a Teams notification? (Defaults to No)"}},"typeId":100000002,"inputControlConfig":"{\u0022inputcontroltype\u0022:\u0022toggle\u0022}","isRequired":false},{"schemaName":"a3p_CTIUS_TimeZone","value":"","defaultValue":"Pacific Standard Time","name":{"default":"Time Zone (Defaults to Pacific Standard Time)","byLcid":{"1033":"Time Zone (Defaults to Pacific Standard Time)"}},"typeId":100000000,"description":{"default":"Paste \u0022Name Of Time Zone\u0022 from the table in the \u0022Learn More\u0022 link and remove any periods \u0027.\u0027 from the name.","byLcid":{"1033":"Paste \u0022Name Of Time Zone\u0022 from the table in the \u0022Learn More\u0022 link and remove any periods \u0027.\u0027 from the name."}},"learnMoreUrl":"https://aka.ms/flowtimezone","isRequired":false}],"connectionReferences":[{"logicalName":"a3p_sharedoffice365_4b963","connectionId":"","connectorId":"/providers/Microsoft.PowerApps/apis/shared_office365"},{"logicalName":"a3p_sharedteams_a1595","connectionId":"","connectorId":"/providers/Microsoft.PowerApps/apis/shared_teams"},{"logicalName":"a3p_sharedtodo_5db7b","connectionId":"","connectorId":"/providers/Microsoft.PowerApps/apis/shared_todo"},{"logicalName":"a3p_sharedvisualstudioteamservices_6029e","connectionId":"","connectorId":"/providers/Microsoft.PowerApps/apis/shared_visualstudioteamservices"}],"workflows":[{"name":"Create Tasks for Incomplete Work Items","workflowId":"1ef75650-2127-f011-8c4d-6045bd086375","userEmail":"","systemUserId":"00000000-0000-0000-0000-000000000000"}],"canvasApps":[]}}]}