{"SchemaVersion":"1.0","PublisherId":"GUID","ApplicationId":"GUID","PackageDefinition":{"AssetFolder":"PackageAssets","PackageName":"CatchUponaMissedMeeting","PackageLongName":"Catch Up on a Missed Meeting","PackageDescription":null,"AnchorSolutionUniqueName":"CatchUponaMissedMeeting"},"DeploymentSettings":[{"CatchUponaMissedMeeting":{"environmentVariables":[{"schemaName":"a3p_CUOAMM_SelectyourPrimaryCalendar","value":"","defaultValue":"AQMkAGZlMDI5YWQzLWZjNjEtNDk2OS1hODVkLTc2NTBjOWMwYzlhNgBGAAADk7yoZ1DtfEagLUwfgqA1YwcAZo2eTj9oB0We3zO4PSrodgAAAgEGAAAAZo2eTj9oB0We3zO4PSrodgAAAV-gvgAAAA==","name":{"default":"Select your Primary Calendar","byLcid":{"1033":"Select your Primary Calendar"}},"typeId":100000004,"isRequired":true,"parameterKey":"calendars","apiId":"/providers/microsoft.powerapps/apis/shared_office365"},{"schemaName":"a3p_CUOAMM_Whichtimezonedoyouworkin","value":"","defaultValue":"Pacific Standard Time","name":{"default":"Which time zone do you work in? (Defaults to Pacific Standard Time)","byLcid":{"1033":"Which time zone do you work in? (Defaults to Pacific Standard Time)"}},"typeId":100000000,"description":{"default":"Paste \u0022Name Of Time Zone\u0022 from the table in the \u0022Learn More\u0022 link and remove any periods \u0027.\u0027 from the name.","byLcid":{"1033":"Paste \u0022Name Of Time Zone\u0022 from the table in the \u0022Learn More\u0022 link and remove any periods \u0027.\u0027 from the name."}},"learnMoreUrl":"https://aka.ms/flowtimezone","isRequired":false}],"connectionReferences":[{"logicalName":"a3p_sharedoffice365users_2a425","connectionId":"","connectorId":"/providers/Microsoft.PowerApps/apis/shared_office365users"},{"logicalName":"a3p_sharedoffice365_2448b","connectionId":"","connectorId":"/providers/Microsoft.PowerApps/apis/shared_office365"},{"logicalName":"a3p_sharedteams_f14ba","connectionId":"","connectorId":"/providers/Microsoft.PowerApps/apis/shared_teams"}],"workflows":[{"name":"Catch up on a Missed Meeting","workflowId":"cfb352f2-210a-f011-bae2-00224806af80","userEmail":"","systemUserId":"00000000-0000-0000-0000-000000000000"}],"canvasApps":[]}}]}