{"SchemaVersion":"1.0","PublisherId":"GUID","ApplicationId":"GUID","PackageDefinition":{"AssetFolder":"PackageAssets","PackageName":"DailyConsolidatedTaskList","PackageLongName":"Daily Consolidated Task List","PackageDescription":null,"AnchorSolutionUniqueName":"DailyConsolidatedTaskList"},"DeploymentSettings":[{"DailyConsolidatedTaskList":{"environmentVariables":[{"schemaName":"a3p_DCTL_Doyouwanttoaddtaskstoexistingfocustimeeventsonyourcalendar","value":"","defaultValue":"no","name":{"default":"Do you want to add tasks to existing focus time events on your calendar","byLcid":{"1033":"Do you want to add tasks to existing focus time events on your calendar"}},"typeId":100000002,"inputControlConfig":"{\u0022inputcontroltype\u0022:\u0022toggle\u0022}","isRequired":false},{"schemaName":"a3p_DCTL_Doyouwanttobepromptedtobookfocustimeonyourcalendar","value":"","defaultValue":"no","name":{"default":"Do you want to be prompted to book focus time on your calendar","byLcid":{"1033":"Do you want to be prompted to book focus time on your calendar"}},"typeId":100000002,"inputControlConfig":"{\u0022inputcontroltype\u0022:\u0022toggle\u0022}","isRequired":false},{"schemaName":"a3p_DCTL_Doyouwanttoseetaskswithnoduedates","value":"","defaultValue":"no","name":{"default":"Do you want to see tasks with no due dates","byLcid":{"1033":"Do you want to see tasks with no due dates"}},"typeId":100000002,"inputControlConfig":"{\u0022inputcontroltype\u0022:\u0022toggle\u0022}","isRequired":false},{"schemaName":"a3p_DCTL_Doyouwantyourtasklistemailedtoyoudaily","value":"","defaultValue":"no","name":{"default":"Do you want your task list emailed to you daily","byLcid":{"1033":"Do you want your task list emailed to you daily"}},"typeId":100000002,"inputControlConfig":"{\u0022inputcontroltype\u0022:\u0022toggle\u0022}","isRequired":false},{"schemaName":"a3p_DCTL_Selectyourtimezone","value":"","defaultValue":"Pacific Standard Time","name":{"default":"Time Zone (Defaults to Pacific Standard Time)","byLcid":{"1033":"Time Zone (Defaults to Pacific Standard Time)"}},"typeId":100000000,"description":{"default":"Paste \u0022Name Of Time Zone\u0022 from the table in the \u0022Learn More\u0022 link and remove any periods \u0027.\u0027 from the name.","byLcid":{"1033":"Paste \u0022Name Of Time Zone\u0022 from the table in the \u0022Learn More\u0022 link and remove any periods \u0027.\u0027 from the name."}},"learnMoreUrl":"https://aka.ms/flowtimezone","isRequired":true},{"schemaName":"a3p_DCTL_Whatisthemaximumnumberoftasksyouwantinthelist","value":"","defaultValue":"5","name":{"default":"What is the maximum number of tasks you want in the list","byLcid":{"1033":"What is the maximum number of tasks you want in the list"}},"typeId":100000001,"inputControlConfig":"{\u0022inputcontroltype\u0022:\u0022slider\u0022,\u0022control\u0022:{\u0022minvalue\u0022:5,\u0022maxvalue\u0022:20,\u0022step\u0022:1}}","isRequired":false},{"schemaName":"a3p_DCTL_Whatisthemaximumnumberofupcomingtasksyouwanttoseeinthelist","value":"","defaultValue":"0","name":{"default":"What is the maximum number of upcoming tasks you want to see in the list","byLcid":{"1033":"What is the maximum number of upcoming tasks you want to see in the list"}},"typeId":100000001,"inputControlConfig":"{\u0022inputcontroltype\u0022:\u0022slider\u0022,\u0022control\u0022:{\u0022minvalue\u0022:0,\u0022maxvalue\u0022:10,\u0022step\u0022:1}}","isRequired":false}],"connectionReferences":[{"logicalName":"a3p_sharedoffice365users_6de87","connectionId":"","connectorId":"/providers/Microsoft.PowerApps/apis/shared_office365users"},{"logicalName":"a3p_sharedoffice365_23c3d","connectionId":"","connectorId":"/providers/Microsoft.PowerApps/apis/shared_office365"},{"logicalName":"a3p_sharedplanner_b1057","connectionId":"","connectorId":"/providers/Microsoft.PowerApps/apis/shared_planner"},{"logicalName":"a3p_sharedtodo_0adc7","connectionId":"","connectorId":"/providers/Microsoft.PowerApps/apis/shared_todo"}],"workflows":[{"name":"Daily Consolidated Task List Email Notification","workflowId":"b71f9f28-64fe-ef11-bae2-00224805f207","userEmail":"","systemUserId":"00000000-0000-0000-0000-000000000000"}],"canvasApps":[]}}]}