{"SchemaVersion":"1.0","PublisherId":"GUID","ApplicationId":"GUID","PackageDefinition":{"AssetFolder":"PackageAssets","PackageName":"RemindertoCheckmails","PackageLongName":"Reminder to Check mails","PackageDescription":"Upgrade of Reminder to Check mails ","AnchorSolutionUniqueName":"RemindertoCheckmails"},"DeploymentSettings":[{"RemindertoCheckmails":{"environmentVariables":[{"schemaName":"a3p_RTCM_Timezone","value":"","defaultValue":"Pacific Standard Time","name":{"default":"Time zone (Defaults to Pacific Standard Time)","byLcid":{"1033":"Time zone (Defaults to Pacific Standard Time)"}},"typeId":100000000,"description":{"default":"Paste \u0022Name Of Time Zone\u0022 from the table in the \u0022Learn More\u0022 link and remove any periods \u0027.\u0027 from the name.","byLcid":{"1033":"Paste \u0022Name Of Time Zone\u0022 from the table in the \u0022Learn More\u0022 link and remove any periods \u0027.\u0027 from the name."}},"learnMoreUrl":"https://aka.ms/flowtimezone","isRequired":false}],"connectionReferences":[{"logicalName":"a3p_sharedoffice365users_5364f","connectionId":"","connectorId":"/providers/Microsoft.PowerApps/apis/shared_office365users"},{"logicalName":"a3p_sharedoffice365_c6c3f","connectionId":"","connectorId":"/providers/Microsoft.PowerApps/apis/shared_office365"},{"logicalName":"a3p_sharedteams_58b59","connectionId":"","connectorId":"/providers/Microsoft.PowerApps/apis/shared_teams"}],"workflows":[{"name":"Reminder to Check Mails","workflowId":"e87bf6fa-5cfe-ef11-bae2-6045bd086375","userEmail":"","systemUserId":"00000000-0000-0000-0000-000000000000"}],"canvasApps":[]}}]}