{"SchemaVersion":"1.0","PublisherId":"GUID","ApplicationId":"GUID","PackageDefinition":{"AssetFolder":"PackageAssets","PackageName":"Createtaskstoreviewresolveduserstories","PackageLongName":"Create tasks to review resolved user stories","PackageDescription":null,"AnchorSolutionUniqueName":"Createtaskstoreviewresolveduserstories"},"DeploymentSettings":[{"Createtaskstoreviewresolveduserstories":{"environmentVariables":[{"schemaName":"a3p_CTTRRUS_Archiveemailnotifyingyouthattheuserstorystatewaschangedtoresolved","value":"","defaultValue":"no","name":{"default":"Archive email notifying you that the user story state was changed to resolved?","byLcid":{"1033":"Archive email notifying you that the user story state was changed to resolved?"}},"typeId":100000002,"inputControlConfig":"{\u0022inputcontroltype\u0022:\u0022toggle\u0022}","isRequired":false},{"schemaName":"a3p_CTTRRUS_Archiveemailnotifyingyouthattheuserstorywasassignedtoyou","value":"","defaultValue":"no","name":{"default":"Archive email notifying you that the user story was assigned to you?","byLcid":{"1033":"Archive email notifying you that the user story was assigned to you?"}},"typeId":100000002,"inputControlConfig":"{\u0022inputcontroltype\u0022:\u0022toggle\u0022}","isRequired":false},{"schemaName":"a3p_CTTRRUS_Archiveemailsnotifyingyouofcommentsforthisuserstory","value":"","defaultValue":"no","name":{"default":"Archive emails notifying you of comments for this user story?","byLcid":{"1033":"Archive emails notifying you of comments for this user story?"}},"typeId":100000002,"inputControlConfig":"{\u0022inputcontroltype\u0022:\u0022toggle\u0022}","isRequired":false},{"schemaName":"a3p_CTTRRUS_AzureDevOpsOrganisation","value":"","name":{"default":"Azure DevOps Organisation","byLcid":{"1033":"Azure DevOps Organisation"}},"typeId":100000004,"isRequired":true,"parameterKey":"account","apiId":"/providers/Microsoft.PowerApps/apis/shared_visualstudioteamservices"},{"schemaName":"a3p_CTTRRUS_AzureDevOpsProject","value":"","name":{"default":"Azure DevOps Project","byLcid":{"1033":"Azure DevOps Project"}},"typeId":100000004,"isRequired":true,"parameterKey":"project","apiId":"/providers/Microsoft.PowerApps/apis/shared_visualstudioteamservices","parentSchemaName":"a3p_CTTRRUS_AzureDevOpsOrganisation"},{"schemaName":"a3p_CTTRRUS_AzureDevOpsTeam","value":"","name":{"default":"Azure DevOps Team","byLcid":{"1033":"Azure DevOps Team"}},"typeId":100000000,"description":{"default":"You need to manually copy and paste your ADO team name in the textbox. Make sure that this team resides within the previously mentioned ADO organisation and project, otherwise the automation will fail.","byLcid":{"1033":"You need to manually copy and paste your ADO team name in the textbox. Make sure that this team resides within the previously mentioned ADO organisation and project, otherwise the automation will fail."}},"isRequired":true},{"schemaName":"a3p_CTTRRUS_EnteryouremailID","value":"","name":{"default":"Enter your email ID","byLcid":{"1033":"Enter your email ID"}},"typeId":100000000,"description":{"default":"Please enter your email ID to fetch only work items assigned to you. Make sure that this alias resides within the previously mentioned ADO organisation, project and team, otherwise the automation will fail.","byLcid":{"1033":"Please enter your email ID to fetch only work items assigned to you. Make sure that this alias resides within the previously mentioned ADO organisation, project and team, otherwise the automation will fail."}},"inputControlConfig":"{\u0022control\u0022:{\u0022customerrormessage\u0022:\u0022Enter a valid email address\u0022},\u0022validation\u0022:{\u0022regex\u0022:\u0022^[\\\\w\\\\-\\\\.]\u002B@([\\\\w-]\u002B\\\\.)\u002B[\\\\w-]{2,}$\u0022}}","isRequired":true},{"schemaName":"a3p_CTTRRUS_SelecttheArchivefolder","value":"","name":{"default":"Select the Archive folder","byLcid":{"1033":"Select the Archive folder"}},"typeId":100000004,"isRequired":false,"parameterKey":"folderPath","apiId":"/providers/Microsoft.PowerApps/apis/shared_office365"},{"schemaName":"a3p_CTTRRUS_WhichMicrosoftToDolistwouldyoulikethesetasksaddedto","value":"","name":{"default":"Which Microsoft To-Do list would you like these tasks added to?","byLcid":{"1033":"Which Microsoft To-Do list would you like these tasks added to?"}},"typeId":100000004,"isRequired":true,"parameterKey":"folderId","apiId":"/providers/Microsoft.PowerApps/apis/shared_todo"}],"connectionReferences":[{"logicalName":"a3p_sharedoffice365users_f3951","connectionId":"","connectorId":"/providers/Microsoft.PowerApps/apis/shared_office365users"},{"logicalName":"a3p_sharedoffice365_7fd13","connectionId":"","connectorId":"/providers/Microsoft.PowerApps/apis/shared_office365"},{"logicalName":"a3p_sharedtodo_3a6e5","connectionId":"","connectorId":"/providers/Microsoft.PowerApps/apis/shared_todo"},{"logicalName":"a3p_sharedvisualstudioteamservices_cbec0","connectionId":"","connectorId":"/providers/Microsoft.PowerApps/apis/shared_visualstudioteamservices"}],"workflows":[{"name":"Create tasks to review resolved user stories","workflowId":"a831773f-6831-f011-8c4e-6045bd089bda","userEmail":"","systemUserId":"00000000-0000-0000-0000-000000000000"}],"canvasApps":[]}}]}