{"SchemaVersion":"1.0","PublisherId":"GUID","ApplicationId":"GUID","PackageDefinition":{"AssetFolder":"PackageAssets","PackageName":"SharePointFileChangeAlert","PackageLongName":"SharePoint File Change Alert","PackageDescription":null,"AnchorSolutionUniqueName":"SharePointFileChangeAlert"},"DeploymentSettings":[{"SharePointFileChangeAlert":{"environmentVariables":[{"schemaName":"a3p_SFCA_Selectthefolder","value":"","name":{"default":"Select the folder","byLcid":{"1033":"Select the folder"}},"typeId":100000004,"isRequired":false,"parameterKey":"folderPath","apiId":"/providers/Microsoft.PowerApps/apis/shared_sharepointonline","parentSchemaName":"a3p_SFCA_SharePointSiteAddress"},{"schemaName":"a3p_SFCA_SharePointLibraryName","value":"","name":{"default":"SharePoint Library Name","byLcid":{"1033":"SharePoint Library Name"}},"typeId":100000004,"description":{"default":"This is a required field, do not proceed without selecting the Sharepoint Library Name..","byLcid":{"1033":"This is a required field, do not proceed without selecting the Sharepoint Library Name.."}},"isRequired":true,"parameterKey":"library","apiId":"/providers/Microsoft.PowerApps/apis/shared_sharepointonline","parentSchemaName":"a3p_SFCA_SharePointSiteAddress"},{"schemaName":"a3p_SFCA_SharePointSiteAddress","value":"","name":{"default":"SharePoint Site Address","byLcid":{"1033":"SharePoint Site Address"}},"typeId":100000004,"isRequired":true,"parameterKey":"dataset","apiId":"/providers/Microsoft.PowerApps/apis/shared_sharepointonline"}],"connectionReferences":[{"logicalName":"a3p_sharedoffice365users_dcc91","connectionId":"","connectorId":"/providers/Microsoft.PowerApps/apis/shared_office365users"},{"logicalName":"a3p_sharedoffice365_649c5","connectionId":"","connectorId":"/providers/Microsoft.PowerApps/apis/shared_office365"},{"logicalName":"a3p_sharedsharepointonline_63435","connectionId":"","connectorId":"/providers/Microsoft.PowerApps/apis/shared_sharepointonline"}],"workflows":[{"name":"Send an email when a file is added/modified in a SharePoint folder","workflowId":"1c80c299-6b31-f011-8c4e-6045bd089bda","userEmail":"","systemUserId":"00000000-0000-0000-0000-000000000000"}],"canvasApps":[]}}]}