{"SchemaVersion":"1.0","PublisherId":"GUID","ApplicationId":"GUID","PackageDefinition":{"AssetFolder":"PackageAssets","PackageName":"PrompttoStartMeetings5MinsAfter","PackageLongName":"Prompt to Start Meetings 5 Mins After","PackageDescription":null,"AnchorSolutionUniqueName":"PrompttoStartMeetings5MinsAfter"},"DeploymentSettings":[{"PrompttoStartMeetings5MinsAfter":{"environmentVariables":[{"schemaName":"a3p_PTSMA_Donotrespondiforganizedby","value":"","defaultValue":";","name":{"default":"Do not respond if organized by","byLcid":{"1033":"Do not respond if organized by"}},"typeId":100000000,"description":{"default":"Email ids separated by semi-colon (;)","byLcid":{"1033":"Email ids separated by semi-colon (;)"}},"inputControlConfig":"{\u0022control\u0022:{\u0022customerrormessage\u0022:\u0022Please enter valid email addresses separated by a semi-colon. Example: deva@contoso.com;devb@contoso.com;devc@contoso.com\u0022},\u0022validation\u0022:{\u0022regex\u0022:\u0022^\\\\s*(?:[a-zA-Z0-9._%\u002B-]\u002B@[a-zA-Z0-9.-]\u002B\\\\.[a-zA-Z]{2,})(?:\\\\s*(;\\\\s*[a-zA-Z0-9._%\u002B-]\u002B@[a-zA-Z0-9.-]\u002B\\\\.[a-zA-Z]{2,}))*\\\\s*$|^\\\\s*;$\u0022}}","isRequired":false},{"schemaName":"a3p_PTSMA_Howdoyouwanttorespondtoinvites","value":"","defaultValue":"Ask me every time","name":{"default":"How do you want to respond to invites? (Defaults to Ask me every time)","byLcid":{"1033":"How do you want to respond to invites? (Defaults to Ask me every time)"}},"typeId":100000000,"description":{"default":"Options: Tentative, Accept, Decline, Only send an email, Ask me every time","byLcid":{"1033":"Options: Tentative, Accept, Decline, Only send an email, Ask me every time"}},"inputControlConfig":"{\u0022control\u0022:{\u0022customerrormessage\u0022:\u0022This field is case-sensitive. Make sure to choose from the options provided.\u0022},\u0022validation\u0022:{\u0022regex\u0022:\u0022^(Tentative|Decline|Ask me every time|Accept|Only send an email)?$\u0022}}","isRequired":false},{"schemaName":"a3p_PTSMA_SelectCalendarfromthelistbelowtomonitoryourdefaultcalendar","value":"","name":{"default":"Select \u0022Calendar\u0022 from the list below to monitor your default calendar","byLcid":{"1033":"Select \u0022Calendar\u0022 from the list below to monitor your default calendar"}},"typeId":100000004,"isRequired":true,"parameterKey":"calendars","apiId":"/providers/microsoft.powerapps/apis/shared_office365"},{"schemaName":"a3p_PTSMA_Settheresponsetosendtomeetingorganizerstostartit5minslater","value":"","defaultValue":"Please set the meeting to start 5 mins after, so that when there are back to back meetings we all can catch a quick break. This is an automated response.","name":{"default":"Set the response to send to meeting organizers to start it 5 mins later","byLcid":{"1033":"Set the response to send to meeting organizers to start it 5 mins later"}},"typeId":100000000,"description":{"default":"Defaults to: Please set the meeting to start 5 mins after, so that when there are back to back meetings we all can catch a quick break. This is an automated response.","byLcid":{"1033":"Defaults to: Please set the meeting to start 5 mins after, so that when there are back to back meetings we all can catch a quick break. This is an automated response."}},"isRequired":false},{"schemaName":"a3p_PTSMA_TimeZone","value":"","defaultValue":"Pacific Standard Time","name":{"default":"Time Zone (Defaults to Pacific Standard Time)","byLcid":{"1033":"Time Zone (Defaults to Pacific Standard Time)"}},"typeId":100000000,"description":{"default":"Paste \u0022Name Of Time Zone\u0022 from the table in the \u0022Learn More\u0022 link and remove any periods \u0027.\u0027 from the name.","byLcid":{"1033":"Paste \u0022Name Of Time Zone\u0022 from the table in the \u0022Learn More\u0022 link and remove any periods \u0027.\u0027 from the name."}},"learnMoreUrl":"https://aka.ms/flowtimezone","isRequired":false}],"connectionReferences":[{"logicalName":"a3p_sharedoffice365users_3c7e7","connectionId":"","connectorId":"/providers/Microsoft.PowerApps/apis/shared_office365users"},{"logicalName":"a3p_sharedoffice365_0be92","connectionId":"","connectorId":"/providers/Microsoft.PowerApps/apis/shared_office365"},{"logicalName":"a3p_sharedteams_4b44f","connectionId":"","connectorId":"/providers/Microsoft.PowerApps/apis/shared_teams"}],"workflows":[{"name":"Start Meeting 5 Mins After","workflowId":"e54fb827-d209-f011-bae2-00224802cf58","userEmail":"","systemUserId":"00000000-0000-0000-0000-000000000000"}],"canvasApps":[]}}]}