{"SchemaVersion":"1.0","PublisherId":"GUID","ApplicationId":"GUID","PackageDefinition":{"AssetFolder":"PackageAssets","PackageName":"InformUsersyouwillberunninglatetoameeting","PackageLongName":"Inform Users you will be running late to a meeting","PackageDescription":null,"AnchorSolutionUniqueName":"InformUsersyouwillberunninglatetoameeting"},"DeploymentSettings":[{"InformUsersyouwillberunninglatetoameeting":{"environmentVariables":[{"schemaName":"a3p_IUYWRLTM_SelectCalendarfromthelistbelowtomonitoryourdefaultcalendar","value":"","name":{"default":"Select \u0022Calendar\u0022 from the list below to monitor your default calendar","byLcid":{"1033":"Select \u0022Calendar\u0022 from the list below to monitor your default calendar"}},"typeId":100000004,"isRequired":true,"parameterKey":"calendars","apiId":"/providers/microsoft.powerapps/apis/shared_office365"}],"connectionReferences":[{"logicalName":"a3p_sharedoffice365users_544ab","connectionId":"","connectorId":"/providers/Microsoft.PowerApps/apis/shared_office365users"},{"logicalName":"a3p_sharedoffice365_394d0","connectionId":"","connectorId":"/providers/Microsoft.PowerApps/apis/shared_office365"},{"logicalName":"a3p_sharedteams_84126","connectionId":"","connectorId":"/providers/Microsoft.PowerApps/apis/shared_teams"}],"workflows":[{"name":"Inform users you will be running late to a meeting","workflowId":"a17e34c5-d209-f011-bae2-00224806af80","userEmail":"","systemUserId":"00000000-0000-0000-0000-000000000000"}],"canvasApps":[]}}]}