{"SchemaVersion":"1.0","PublisherId":"GUID","ApplicationId":"GUID","PackageDefinition":{"AssetFolder":"PackageAssets","PackageName":"AutomatedADOItemCreation","PackageLongName":"Automated ADO Item Creation","PackageDescription":null,"AnchorSolutionUniqueName":"AutomatedADOItemCreation"},"DeploymentSettings":[{"AutomatedADOItemCreation":{"environmentVariables":[{"schemaName":"a3p_AAIC_AzureDevOpsOrganisation","value":"","name":{"default":"Azure DevOps Organisation","byLcid":{"1033":"Azure DevOps Organisation"}},"typeId":100000004,"isRequired":true,"parameterKey":"account","apiId":"/providers/Microsoft.PowerApps/apis/shared_visualstudioteamservices"},{"schemaName":"a3p_AAIC_AzureDevOpsProject","value":"","name":{"default":"Azure DevOps Project","byLcid":{"1033":"Azure DevOps Project"}},"typeId":100000004,"isRequired":true,"parameterKey":"project","apiId":"/providers/Microsoft.PowerApps/apis/shared_visualstudioteamservices","parentSchemaName":"a3p_AAIC_AzureDevOpsOrganisation"},{"schemaName":"a3p_AAIC_AzureDevOpsWorkItemType","value":"","defaultValue":"User Story","name":{"default":"Azure DevOps Work Item Type (Defaults to User Story)","byLcid":{"1033":"Azure DevOps Work Item Type (Defaults to User Story)"}},"typeId":100000000,"description":{"default":"Make sure you to enter the work item type supported in the Azure DevOps org mentioned. Some valid types are: Task, Bug, Test Case, User Story, Feature, etc.","byLcid":{"1033":"Make sure you to enter the work item type supported in the Azure DevOps org mentioned. Some valid types are: Task, Bug, Test Case, User Story, Feature, etc."}},"isRequired":false},{"schemaName":"a3p_AAIC_FormId","value":"","name":{"default":"Form Id","byLcid":{"1033":"Form Id"}},"typeId":100000004,"isRequired":true,"parameterKey":"form_id","apiId":"/providers/Microsoft.PowerApps/apis/shared_microsoftforms"}],"connectionReferences":[{"logicalName":"a3p_sharedmicrosoftforms_19c83","connectionId":"","connectorId":"/providers/Microsoft.PowerApps/apis/shared_microsoftforms"},{"logicalName":"a3p_sharedoffice365users_2555f","connectionId":"","connectorId":"/providers/Microsoft.PowerApps/apis/shared_office365users"},{"logicalName":"a3p_sharedoffice365_1a50b","connectionId":"","connectorId":"/providers/Microsoft.PowerApps/apis/shared_office365"},{"logicalName":"a3p_sharedvisualstudioteamservices_6fdda","connectionId":"","connectorId":"/providers/Microsoft.PowerApps/apis/shared_visualstudioteamservices"}],"workflows":[{"name":"Automated ADO Item Creation","workflowId":"34f30f27-cd2f-f011-8c4d-00224806af80","userEmail":"","systemUserId":"00000000-0000-0000-0000-000000000000"}],"canvasApps":[]}}]}