{"SchemaVersion":"1.0","PublisherId":"GUID","ApplicationId":"GUID","PackageDefinition":{"AssetFolder":"PackageAssets","PackageName":"BeNotifiedofKeyMails","PackageLongName":"Be Notified of Key Mails","PackageDescription":null,"AnchorSolutionUniqueName":"BeNotifiedofKeyMails"},"DeploymentSettings":[{"BeNotifiedofKeyMails":{"environmentVariables":[{"schemaName":"a3p_BNOKE_EmailIdFromPicker","value":"","defaultValue":";","name":{"default":"Flag emails from","byLcid":{"1033":"Flag emails from"}},"typeId":100000000,"inputControlConfig":"{\u0022control\u0022:{\u0022customerrormessage\u0022:\u0022Please enter valid email addresses separated by a semi-colon. Example: deva@contoso.com;devb@contoso.com;devc@contoso.com\u0022},\u0022validation\u0022:{\u0022regex\u0022:\u0022^\\\\s*(?:[a-zA-Z0-9._%\u002B-]\u002B@[a-zA-Z0-9.-]\u002B\\\\.[a-zA-Z]{2,})(?:\\\\s*(;\\\\s*[a-zA-Z0-9._%\u002B-]\u002B@[a-zA-Z0-9.-]\u002B\\\\.[a-zA-Z]{2,}))*\\\\s*$|^\\\\s*;$\u0022}}","isRequired":false},{"schemaName":"a3p_BNOKE_EmailIdToPicker","value":"","defaultValue":";","name":{"default":"Flag emails sent to","byLcid":{"1033":"Flag emails sent to"}},"typeId":100000000,"inputControlConfig":"{\u0022control\u0022:{\u0022customerrormessage\u0022:\u0022Please enter valid email addresses separated by a semi-colon. Example: deva@contoso.com;devb@contoso.com;devc@contoso.com\u0022},\u0022validation\u0022:{\u0022regex\u0022:\u0022^\\\\s*(?:[a-zA-Z0-9._%\u002B-]\u002B@[a-zA-Z0-9.-]\u002B\\\\.[a-zA-Z]{2,})(?:\\\\s*(;\\\\s*[a-zA-Z0-9._%\u002B-]\u002B@[a-zA-Z0-9.-]\u002B\\\\.[a-zA-Z]{2,}))*\\\\s*$|^\\\\s*;$\u0022}}","isRequired":false},{"schemaName":"a3p_BNOKE_Flagemails","value":"","defaultValue":"no","name":{"default":"Flag emails","byLcid":{"1033":"Flag emails"}},"typeId":100000002,"inputControlConfig":"{\u0022inputcontroltype\u0022:\u0022toggle\u0022}","isRequired":false},{"schemaName":"a3p_BNOKE_multipleEmailThreshold","value":"","defaultValue":"0","name":{"default":"Set number of unread emails with the same subject to be notified about.","byLcid":{"1033":"Set number of unread emails with the same subject to be notified about."}},"typeId":100000001,"inputControlConfig":"{\u0022inputcontroltype\u0022:\u0022slider\u0022,\u0022control\u0022:{\u0022minvalue\u0022:0,\u0022maxvalue\u0022:10,\u0022step\u0022:1}}","isRequired":false},{"schemaName":"a3p_BNOKE_subjectKeyword1","value":"","defaultValue":";","name":{"default":"Key phrases in subject(s) separated by semicolons (if any match, a To Do will be created)","byLcid":{"1033":"Key phrases in subject(s) separated by semicolons (if any match, a To Do will be created)"}},"typeId":100000000,"description":{"default":"Subject keywords separated by semicolon","byLcid":{"1033":"Subject keywords separated by semicolon"}},"inputControlConfig":"{\u0022control\u0022:{\u0022customerrormessage\u0022:\u0022Please enter keywords separated by a semi-colon. Example: Keyphrase1;Keyphrase2;Keyphrase3\u0022},\u0022validation\u0022:{\u0022regex\u0022:\u0022^(\\\\s*[^;]*\\\\s*)(;\\\\s*[^;]*\\\\s*)*$\u0022}}","isRequired":false}],"connectionReferences":[{"logicalName":"a3p_sharedoffice365users_991fa","connectionId":"","connectorId":"/providers/Microsoft.PowerApps/apis/shared_office365users"},{"logicalName":"a3p_sharedoffice365_14e5f","connectionId":"","connectorId":"/providers/Microsoft.PowerApps/apis/shared_office365"},{"logicalName":"a3p_sharedteams_2155c","connectionId":"","connectorId":"/providers/Microsoft.PowerApps/apis/shared_teams"}],"workflows":[{"name":"Be Notified of Key Mails","workflowId":"04795637-60fe-ef11-bae2-000d3a318fce","userEmail":"","systemUserId":"00000000-0000-0000-0000-000000000000"}],"canvasApps":[]}}]}