{"SchemaVersion":"1.0","PublisherId":"GUID","ApplicationId":"GUID","PackageDefinition":{"AssetFolder":"PackageAssets","PackageName":"Suggestalternatetimewhen11meetingdeclined","PackageLongName":"Suggest alternate time when 1:1 meeting declined","PackageDescription":null,"AnchorSolutionUniqueName":"Suggestalternatetimewhen11meetingdeclined"},"DeploymentSettings":[{"Suggestalternatetimewhen11meetingdeclined":{"environmentVariables":[{"schemaName":"a3p_SATWMD_Timezone","value":"","defaultValue":"Pacific Standard Time","name":{"default":"Time zone (Defaults to Pacific Standard Time)","byLcid":{"1033":"Time zone (Defaults to Pacific Standard Time)"}},"typeId":100000000,"description":{"default":"Paste \u0022Name Of Time Zone\u0022 from the table in the \u0022Learn More\u0022 link and remove any periods \u0027.\u0027 from the name.","byLcid":{"1033":"Paste \u0022Name Of Time Zone\u0022 from the table in the \u0022Learn More\u0022 link and remove any periods \u0027.\u0027 from the name."}},"learnMoreUrl":"https://aka.ms/flowtimezone","isRequired":false}],"connectionReferences":[{"logicalName":"a3p_sharedoffice365users_f946b","connectionId":"","connectorId":"/providers/Microsoft.PowerApps/apis/shared_office365users"},{"logicalName":"a3p_sharedoffice365_b222f","connectionId":"","connectorId":"/providers/Microsoft.PowerApps/apis/shared_office365"},{"logicalName":"a3p_sharedteams_87b16","connectionId":"","connectorId":"/providers/Microsoft.PowerApps/apis/shared_teams"}],"workflows":[{"name":"Suggest alternate time when 1:1 meeting declined","workflowId":"5200db5c-02fe-ef11-bae2-0022480c023d","userEmail":"","systemUserId":"00000000-0000-0000-0000-000000000000"}],"canvasApps":[]}}]}