{"SchemaVersion":"1.0","PublisherId":"GUID","ApplicationId":"GUID","PackageDefinition":{"AssetFolder":"PackageAssets","PackageName":"ForwardEmailsToChannel","PackageLongName":"Forward Emails To Channel","PackageDescription":null,"AnchorSolutionUniqueName":"ForwardEmailsToChannel"},"DeploymentSettings":[{"ForwardEmailsToChannel":{"environmentVariables":[{"schemaName":"a3p_FEC_Teamschanneltosendto","value":"","name":{"default":"Teams channel to forward emails to","byLcid":{"1033":"Teams channel to forward emails to"}},"typeId":100000004,"description":{"default":"This is a required field, do not proceed without selecting the Teams channel.","byLcid":{"1033":"This is a required field, do not proceed without selecting the Teams channel."}},"isRequired":true,"parameterKey":"channelId","apiId":"/providers/Microsoft.PowerApps/apis/shared_teams","parentSchemaName":"a3p_FEC_Teamsteamtosendto"},{"schemaName":"a3p_FEC_Teamsteamtosendto","value":"","name":{"default":"Teams team to forward emails to","byLcid":{"1033":"Teams team to forward emails to"}},"typeId":100000004,"isRequired":true,"parameterKey":"teamId","apiId":"/providers/Microsoft.PowerApps/apis/shared_teams"},{"schemaName":"a3p_FEC_Thefoldertheemailwassentto","value":"","name":{"default":"Source folder for the email","byLcid":{"1033":"Source folder for the email"}},"typeId":100000004,"isRequired":true,"parameterKey":"folderPath","apiId":"/providers/Microsoft.PowerApps/apis/shared_office365"}],"connectionReferences":[{"logicalName":"a3p_sharedoffice365users_05b69","connectionId":"","connectorId":"/providers/Microsoft.PowerApps/apis/shared_office365users"},{"logicalName":"a3p_sharedoffice365_cc7b9","connectionId":"","connectorId":"/providers/Microsoft.PowerApps/apis/shared_office365"},{"logicalName":"a3p_sharedteams_5153a","connectionId":"","connectorId":"/providers/Microsoft.PowerApps/apis/shared_teams"}],"workflows":[{"name":"Forward emails in a folder to a channel","workflowId":"00f68ac2-2a32-f011-8c4d-6045bd026e6a","userEmail":"","systemUserId":"00000000-0000-0000-0000-000000000000"}],"canvasApps":[]}}]}