{"SchemaVersion":"1.0","PublisherId":"GUID","ApplicationId":"GUID","PackageDefinition":{"AssetFolder":"PackageAssets","PackageName":"ProgramManagerquarterlyworksummary","PackageLongName":"Program Manager quarterly work summary","PackageDescription":null,"AnchorSolutionUniqueName":"ProgramManagerquarterlyworksummary"},"DeploymentSettings":[{"ProgramManagerquarterlyworksummary":{"environmentVariables":[{"schemaName":"a3p_PMQWS_AtwhichlevelwouldyouliketogetnotificationsDefaultstoMyworkitems","value":"","defaultValue":"My work items","name":{"default":"At which level would you like to get notifications (Defaults to \u0022My work items\u0022)","byLcid":{"1033":"At which level would you like to get notifications (Defaults to \u0022My work items\u0022)"}},"typeId":100000000,"description":{"default":"Please enter either of the options: \u0022My work items\u0022 or \u0022All work items\u0022","byLcid":{"1033":"Please enter either of the options: \u0022My work items\u0022 or \u0022All work items\u0022"}},"inputControlConfig":"{\u0022control\u0022:{\u0022customerrormessage\u0022:\u0022Please enter either of the options: \\\u0022My work items\\\u0022 or \\\u0022All work items\\\u0022.\u0022},\u0022validation\u0022:{\u0022regex\u0022:\u0022^(My work items|All work items)?$\u0022}}","isRequired":false},{"schemaName":"a3p_PMQWS_AzureDevOpsOrganisation","value":"","name":{"default":"Azure DevOps Organisation","byLcid":{"1033":"Azure DevOps Organisation"}},"typeId":100000004,"isRequired":true,"parameterKey":"account","apiId":"/providers/Microsoft.PowerApps/apis/shared_visualstudioteamservices"},{"schemaName":"a3p_PMQWS_AzureDevOpsProject","value":"","name":{"default":"Azure DevOps Project","byLcid":{"1033":"Azure DevOps Project"}},"typeId":100000004,"isRequired":true,"parameterKey":"project","apiId":"/providers/Microsoft.PowerApps/apis/shared_visualstudioteamservices","parentSchemaName":"a3p_PMQWS_AzureDevOpsOrganisation"},{"schemaName":"a3p_PMQWS_AzureDevOpsTeam","value":"","name":{"default":"Azure DevOps Team","byLcid":{"1033":"Azure DevOps Team"}},"typeId":100000000,"description":{"default":"You need to manually copy and paste your ADO team name in the textbox. Make sure that this team resides within the previously mentioned ADO organisation and project, otherwise the automation will fail.","byLcid":{"1033":"You need to manually copy and paste your ADO team name in the textbox. Make sure that this team resides within the previously mentioned ADO organisation and project, otherwise the automation will fail."}},"isRequired":true},{"schemaName":"a3p_PMQWS_SpecifyAreaPathsunderwhichtheflowshouldlookforworkitems","value":"","defaultValue":";","name":{"default":"Specify Area Path(s) under which the flow should look for work items","byLcid":{"1033":"Specify Area Path(s) under which the flow should look for work items"}},"typeId":100000000,"description":{"default":"Specify Area Path(s) under which the flow should look for work items, use semi-colon(;) to seperate area paths","byLcid":{"1033":"Specify Area Path(s) under which the flow should look for work items, use semi-colon(;) to seperate area paths"}},"inputControlConfig":"{\u0022control\u0022:{\u0022customerrormessage\u0022:\u0022Use semi-colon (;) to separate area paths\u0022},\u0022validation\u0022:{\u0022regex\u0022:\u0022^(\\\\s*[^;]*\\\\s*)(;\\\\s*[^;]*\\\\s*)*$\u0022}}","isRequired":true}],"connectionReferences":[{"logicalName":"a3p_sharedoffice365users_4d15d","connectionId":"","connectorId":"/providers/Microsoft.PowerApps/apis/shared_office365users"},{"logicalName":"a3p_sharedoffice365_c1dde","connectionId":"","connectorId":"/providers/Microsoft.PowerApps/apis/shared_office365"},{"logicalName":"a3p_sharedvisualstudioteamservices_cc62c","connectionId":"","connectorId":"/providers/Microsoft.PowerApps/apis/shared_visualstudioteamservices"},{"logicalName":"new_sharedteams_bbdeb","connectionId":"","connectorId":"/providers/Microsoft.PowerApps/apis/shared_teams"}],"workflows":[{"name":"Quarterly Status and Summary For Program Managers","workflowId":"eb765757-6731-f011-8c4d-6045bd086375","userEmail":"","systemUserId":"00000000-0000-0000-0000-000000000000"}],"canvasApps":[]}}]}