{"SchemaVersion":"1.0","PublisherId":"GUID","ApplicationId":"GUID","PackageDefinition":{"AssetFolder":"PackageAssets","PackageName":"RemindertoUpdateHRProfile","PackageLongName":"Reminder to Update HR Profile","PackageDescription":null,"AnchorSolutionUniqueName":"RemindertoUpdateHRProfile"},"DeploymentSettings":[{"RemindertoUpdateHRProfile":{"environmentVariables":[{"schemaName":"a3p_RTUHRP_Doyouwanttonotifyyourteamusingemail","value":"","defaultValue":"no","name":{"default":"Do you want to notify your team using email?","byLcid":{"1033":"Do you want to notify your team using email?"}},"typeId":100000002,"inputControlConfig":"{\u0022inputcontroltype\u0022:\u0022toggle\u0022}","isRequired":false},{"schemaName":"a3p_RTUHRP_DoyouwanttonotifyyourteamusingMicrosoftTeams","value":"","defaultValue":"no","name":{"default":"Do you want to notify your team using Microsoft Teams?","byLcid":{"1033":"Do you want to notify your team using Microsoft Teams?"}},"typeId":100000002,"inputControlConfig":"{\u0022inputcontroltype\u0022:\u0022toggle\u0022}","isRequired":false}],"connectionReferences":[{"logicalName":"a3p_sharedoffice365users_dc4ff","connectionId":"","connectorId":"/providers/Microsoft.PowerApps/apis/shared_office365users"},{"logicalName":"a3p_sharedoffice365_660ee","connectionId":"","connectorId":"/providers/Microsoft.PowerApps/apis/shared_office365"},{"logicalName":"a3p_sharedteams_482ae","connectionId":"","connectorId":"/providers/Microsoft.PowerApps/apis/shared_teams"}],"workflows":[{"name":"HR Profile Update Reminder","workflowId":"03fdb022-00fe-ef11-bae2-6045bd014f5b","userEmail":"","systemUserId":"00000000-0000-0000-0000-000000000000"}],"canvasApps":[]}}]}