{"SchemaVersion":"1.0","PublisherId":"GUID","ApplicationId":"GUID","PackageDefinition":{"AssetFolder":"PackageAssets","PackageName":"AutoManageIncomingMeetingInvites","PackageLongName":"Auto-Manage Incoming Meeting Invites","PackageDescription":null,"AnchorSolutionUniqueName":"AutoManageIncomingMeetingInvites"},"DeploymentSettings":[{"AutoManageIncomingMeetingInvites":{"environmentVariables":[{"schemaName":"a3p_AMIMI_Autoacceptmeetingsiforganizedby","value":"","defaultValue":";","name":{"default":"Auto-accept meetings if organized by","byLcid":{"1033":"Auto-accept meetings if organized by"}},"typeId":100000000,"description":{"default":"List of email addresses separated by semi-colon","byLcid":{"1033":"List of email addresses separated by semi-colon"}},"inputControlConfig":"{\u0022control\u0022:{\u0022customerrormessage\u0022:\u0022Please enter valid email addresses separated by a semi-colon. Example: deva@contoso.com;devb@contoso.com;devc@contoso.com\u0022},\u0022validation\u0022:{\u0022regex\u0022:\u0022^\\\\s*(?:[a-zA-Z0-9._%\u002B-]\u002B@[a-zA-Z0-9.-]\u002B\\\\.[a-zA-Z]{2,})(?:\\\\s*(;\\\\s*[a-zA-Z0-9._%\u002B-]\u002B@[a-zA-Z0-9.-]\u002B\\\\.[a-zA-Z]{2,}))*\\\\s*$|^\\\\s*;$\u0022}}","isRequired":false},{"schemaName":"a3p_AMIMI_Chooseoneormorecategoriestoautoacceptmeetings","value":"","defaultValue":",","name":{"default":"Choose one or more categories to auto-accept meetings","byLcid":{"1033":"Choose one or more categories to auto-accept meetings"}},"typeId":100000000,"description":{"default":"Options available: Organised by my manager, Organised by my skip manager, Organised by my directs, 1:1","byLcid":{"1033":"Options available: Organised by my manager, Organised by my skip manager, Organised by my directs, 1:1"}},"inputControlConfig":"{\u0022control\u0022:{\u0022customerrormessage\u0022:\u0022This field is case-sensitive. Make sure to copy the possible options correctly. Only use a comma (,) to separate the options, do not add unnecessary spaces.\u0022},\u0022validation\u0022:{\u0022regex\u0022:\u0022^(Organised by my manager|Organised by my skip manager|Organised by my directs|1:1|,)(?:,(Organised by my manager|Organised by my skip manager|Organised by my directs|1:1|,))*$\u0022}}","isRequired":true},{"schemaName":"a3p_AMIMI_Chooseoneormorecategoriestoautoacceptmeetingsastentative","value":"","defaultValue":",","name":{"default":"Choose one or more categories to auto-accept meetings as tentative","byLcid":{"1033":"Choose one or more categories to auto-accept meetings as tentative"}},"typeId":100000000,"description":{"default":"Options available: Townhall, All day event","byLcid":{"1033":"Options available: Townhall, All day event"}},"inputControlConfig":"{\u0022control\u0022:{\u0022customerrormessage\u0022:\u0022This field is case-sensitive, make sure to select the options carefully. Use a comma (,) to separate the choices, do not add unnecessary spaces.\u0022},\u0022validation\u0022:{\u0022regex\u0022:\u0022^(Townhall|All day event|,)(?:,(Townhall|All day event|,))*$\u0022}}","isRequired":true},{"schemaName":"a3p_AMIMI_Office365OutlookCalendarid","value":"","defaultValue":"AAMkADhlOTFmNDY1LTEzZGUtNGEwNS05ZGIzLWFkNTg2ZjFiZTNkMQBGAAAAAABSn_wgSUDpS6FbsQGxZGQSBwA9PxeMtWHxSL129LnSIBZ9AAAAAAEGAAA9PxeMtWHxSL129LnSIBZ9AAACogTAAAA=","name":{"default":"Office 365 Outlook Calendar id","byLcid":{"1033":"Office 365 Outlook Calendar id"}},"typeId":100000004,"isRequired":true,"parameterKey":"calendars","apiId":"/providers/microsoft.powerapps/apis/shared_office365"},{"schemaName":"a3p_AMIMI_TimeZone","value":"","defaultValue":"Pacific Standard Time","name":{"default":"Time Zone (Defaults to Pacific Standard Time)","byLcid":{"1033":"Time Zone (Defaults to Pacific Standard Time)"}},"typeId":100000000,"description":{"default":"Paste \u0022Name Of Time Zone\u0022 from the table in the \u0022Learn More\u0022 link and remove any periods \u0027.\u0027 from the name.","byLcid":{"1033":"Paste \u0022Name Of Time Zone\u0022 from the table in the \u0022Learn More\u0022 link and remove any periods \u0027.\u0027 from the name."}},"learnMoreUrl":"https://aka.ms/flowtimezone","isRequired":false}],"connectionReferences":[{"logicalName":"a3p_sharedoffice365users_55645","connectionId":"","connectorId":"/providers/Microsoft.PowerApps/apis/shared_office365users"},{"logicalName":"a3p_sharedoffice365_32301","connectionId":"","connectorId":"/providers/Microsoft.PowerApps/apis/shared_office365"},{"logicalName":"a3p_sharedteams_f1c37","connectionId":"","connectorId":"/providers/Microsoft.PowerApps/apis/shared_teams"}],"workflows":[{"name":"Auto-manage meetings based on your preferences","workflowId":"19a529d0-7a09-f011-bae2-6045bd086375","userEmail":"","systemUserId":"00000000-0000-0000-0000-000000000000"}],"canvasApps":[]}}]}