{"SchemaVersion":"1.0","PublisherId":"GUID","ApplicationId":"GUID","PackageDefinition":{"AssetFolder":"PackageAssets","PackageName":"HidemeetingRSVPsininbox","PackageLongName":"Archive/Delete responses when user event attendees accept a meeting","PackageDescription":null,"AnchorSolutionUniqueName":"HidemeetingRSVPsininbox"},"DeploymentSettings":[{"HidemeetingRSVPsininbox":{"environmentVariables":[{"schemaName":"a3p_ADAOTR_ResponsetypeAcceptednocomment","value":"","defaultValue":"Move to deleted folder","name":{"default":"Response type: Accepted - no comment","byLcid":{"1033":"Response type: Accepted - no comment"}},"typeId":100000000,"description":{"default":"Options available: Do nothing, Archive, Move to deleted folder, Permanently delete. Defaults to \u0027Move to deleted folder\u0027","byLcid":{"1033":"Options available: Do nothing, Archive, Move to deleted folder, Permanently delete. Defaults to \u0027Move to deleted folder\u0027"}},"inputControlConfig":"{\u0022control\u0022:{\u0022customerrormessage\u0022:\u0022This field is case-sensitive, make sure you have copied the choice correctly\u0022},\u0022validation\u0022:{\u0022regex\u0022:\u0022^(Do nothing|Archive|Move to deleted folder|Permanently delete)?$\u0022}}","isRequired":false},{"schemaName":"a3p_ADAOTR_ResponsetypeAcceptedwithcomment","value":"","defaultValue":"Do nothing","name":{"default":"Response type: Accepted - with comment","byLcid":{"1033":"Response type: Accepted - with comment"}},"typeId":100000000,"description":{"default":"Options available: Do nothing, Archive, Move to deleted folder, Permanently delete. Defaults to \u0027Do nothing\u0027","byLcid":{"1033":"Options available: Do nothing, Archive, Move to deleted folder, Permanently delete. Defaults to \u0027Do nothing\u0027"}},"inputControlConfig":"{\u0022control\u0022:{\u0022customerrormessage\u0022:\u0022This field is case-sensitive, make sure you have copied the choice correctly\u0022},\u0022validation\u0022:{\u0022regex\u0022:\u0022^(Do nothing|Archive|Move to deleted folder|Permanently delete)?$\u0022}}","isRequired":false},{"schemaName":"a3p_ADAOTR_ResponsetypeTentativenocomment","value":"","defaultValue":"Move to deleted folder","name":{"default":"Response type: Tentative - no comment","byLcid":{"1033":"Response type: Tentative - no comment"}},"typeId":100000000,"description":{"default":"Options available: Do nothing, Archive, Move to deleted folder, Permanently delete. Defaults to \u0027Move to deleted folder\u0027","byLcid":{"1033":"Options available: Do nothing, Archive, Move to deleted folder, Permanently delete. Defaults to \u0027Move to deleted folder\u0027"}},"inputControlConfig":"{\u0022control\u0022:{\u0022customerrormessage\u0022:\u0022This field is case-sensitive, make sure you have copied the choice correctly\u0022},\u0022validation\u0022:{\u0022regex\u0022:\u0022^(Do nothing|Archive|Move to deleted folder|Permanently delete)?$\u0022}}","isRequired":false},{"schemaName":"a3p_ADAOTR_ResponsetypeTentativewithcomment","value":"","defaultValue":"Do nothing","name":{"default":"Response type: Tentative - with comment","byLcid":{"1033":"Response type: Tentative - with comment"}},"typeId":100000000,"description":{"default":"Options available: Do nothing, Archive, Move to deleted folder, Permanently delete. Defaults to \u0027Do nothing\u0027","byLcid":{"1033":"Options available: Do nothing, Archive, Move to deleted folder, Permanently delete. Defaults to \u0027Do nothing\u0027"}},"inputControlConfig":"{\u0022control\u0022:{\u0022customerrormessage\u0022:\u0022This field is case-sensitive, make sure you have copied the choice correctly\u0022},\u0022validation\u0022:{\u0022regex\u0022:\u0022^(Do nothing|Archive|Move to deleted folder|Permanently delete)?$\u0022}}","isRequired":false},{"schemaName":"a3p_ADAOTR_SelectArchivefolder","value":"","defaultValue":"AQMkAGZlMDI5YWQzLWZjNjEtNDk2OS1hODVkLTc2NTBjOWMwYzlhNgAuAAADk7yoZ1DtfEagLUwfgqA1YwEAZo2eTj9oB0We3zO4PSrodgAAAV_FiwAAAA==","name":{"default":"Select \u0022Archive\u0022 folder (Click on folder in the right side of the field to find it)","byLcid":{"1033":"Select \u0022Archive\u0022 folder (Click on folder in the right side of the field to find it)"}},"typeId":100000004,"isRequired":true,"parameterKey":"mailFolders","apiId":"/providers/microsoft.powerapps/apis/shared_office365"},{"schemaName":"a3p_ADAOTR_SelectDeletedItemsfolder","value":"","defaultValue":"AQMkAGZlMDI5YWQzLWZjNjEtNDk2OS1hODVkLTc2NTBjOWMwYzlhNgAuAAADk7yoZ1DtfEagLUwfgqA1YwEAZo2eTj9oB0We3zO4PSrodgAAAgEKAAAA","name":{"default":"Select \u0022Deleted Items\u0022 folder (Click on folder in the right side of the field to find it)","byLcid":{"1033":"Select \u0022Deleted Items\u0022 folder (Click on folder in the right side of the field to find it)"}},"typeId":100000004,"isRequired":true,"parameterKey":"mailFolders","apiId":"/providers/microsoft.powerapps/apis/shared_office365"},{"schemaName":"a3p_ADAOTR_SelectSentItemsfolder","value":"","defaultValue":"AQMkAGZlMDI5YWQzLWZjNjEtNDk2OS1hODVkLTc2NTBjOWMwYzlhNgAuAAADk7yoZ1DtfEagLUwfgqA1YwEAZo2eTj9oB0We3zO4PSrodgAAAgEJAAAA","name":{"default":"Select \u0022Sent Items\u0022 folder (Click on folder in the right side of the field to find it)","byLcid":{"1033":"Select \u0022Sent Items\u0022 folder (Click on folder in the right side of the field to find it)"}},"typeId":100000004,"isRequired":true,"parameterKey":"mailFolders","apiId":"/providers/microsoft.powerapps/apis/shared_office365"}],"connectionReferences":[{"logicalName":"a3p_sharedoffice365_e2451","connectionId":"","connectorId":"/providers/Microsoft.PowerApps/apis/shared_office365"}],"workflows":[{"name":"Archive\\Delete accepted or tentative responses","workflowId":"724e6dfa-060a-f011-bae2-00224806af80","userEmail":"","systemUserId":"00000000-0000-0000-0000-000000000000"}],"canvasApps":[]}}]}