{"SchemaVersion":"1.0","PublisherId":"GUID","ApplicationId":"GUID","PackageDefinition":{"AssetFolder":"PackageAssets","PackageName":"CloseResolvedUserStories","PackageLongName":"Close Resolved User Stories","PackageDescription":null,"AnchorSolutionUniqueName":"CloseResolvedUserStories"},"DeploymentSettings":[{"CloseResolvedUserStories":{"environmentVariables":[{"schemaName":"a3p_CRUS_AzureDevOpsOrganisation","value":"","name":{"default":"Azure DevOps Organisation","byLcid":{"1033":"Azure DevOps Organisation"}},"typeId":100000004,"isRequired":true,"parameterKey":"account","apiId":"/providers/Microsoft.PowerApps/apis/shared_visualstudioteamservices"},{"schemaName":"a3p_CRUS_AzureDevOpsProject","value":"","name":{"default":"Azure DevOps Project","byLcid":{"1033":"Azure DevOps Project"}},"typeId":100000004,"isRequired":true,"parameterKey":"project","apiId":"/providers/Microsoft.PowerApps/apis/shared_visualstudioteamservices","parentSchemaName":"a3p_CRUS_AzureDevOpsOrganisation"},{"schemaName":"a3p_CRUS_AzureDevOpsTeam","value":"","name":{"default":"Azure DevOps Team","byLcid":{"1033":"Azure DevOps Team"}},"typeId":100000000,"description":{"default":"You need to manually copy and paste your ADO team name in the textbox. Make sure that this team resides within the previously mentioned ADO organisation and project, otherwise the automation will fail.","byLcid":{"1033":"You need to manually copy and paste your ADO team name in the textbox. Make sure that this team resides within the previously mentioned ADO organisation and project, otherwise the automation will fail."}},"isRequired":true},{"schemaName":"a3p_CRUS_TimeZone","value":"","defaultValue":"Pacific Standard Time","name":{"default":"Time Zone (Defaults to Pacific Standard Time)","byLcid":{"1033":"Time Zone (Defaults to Pacific Standard Time)"}},"typeId":100000000,"description":{"default":"Paste \u0022Name Of Time Zone\u0022 from the table in the \u0022Learn More\u0022 link and remove any periods \u0027.\u0027 from the name.","byLcid":{"1033":"Paste \u0022Name Of Time Zone\u0022 from the table in the \u0022Learn More\u0022 link and remove any periods \u0027.\u0027 from the name."}},"learnMoreUrl":"https://aka.ms/flowtimezone","isRequired":false},{"schemaName":"a3p_IncludingthecurrentsprintshowmanysprintsdoyouwanttolookintoDefaultsto6","value":"","defaultValue":"1","name":{"default":"Including the current sprint, how many sprints do you want to look into? (Defaults to 6)","byLcid":{"1033":"Including the current sprint, how many sprints do you want to look into? (Defaults to 6)"}},"typeId":100000001,"inputControlConfig":"{\u0022inputcontroltype\u0022:\u0022slider\u0022,\u0022control\u0022:{\u0022minvalue\u0022:1,\u0022maxvalue\u0022:10,\u0022step\u0022:1}}","isRequired":false}],"connectionReferences":[{"logicalName":"a3p_sharedapprovals_bd5e6","connectionId":"","connectorId":"/providers/Microsoft.PowerApps/apis/shared_approvals"},{"logicalName":"a3p_sharedoffice365users_a98c9","connectionId":"","connectorId":"/providers/Microsoft.PowerApps/apis/shared_office365users"},{"logicalName":"a3p_sharedoffice365_6cc00","connectionId":"","connectorId":"/providers/Microsoft.PowerApps/apis/shared_office365"},{"logicalName":"a3p_sharedvisualstudioteamservices_d8312","connectionId":"","connectorId":"/providers/Microsoft.PowerApps/apis/shared_visualstudioteamservices"}],"workflows":[{"name":"Close Resolved User Stories","workflowId":"630925bd-d824-f011-8c4d-6045bd026e6a","userEmail":"","systemUserId":"00000000-0000-0000-0000-000000000000"}],"canvasApps":[]}}]}