{"SchemaVersion":"1.0","PublisherId":"GUID","ApplicationId":"GUID","PackageDefinition":{"AssetFolder":"PackageAssets","PackageName":"TurnEmailsintoToDoItems","PackageLongName":"Turn Emails into To-Do Items","PackageDescription":null,"AnchorSolutionUniqueName":"TurnEmailsintoToDoItems"},"DeploymentSettings":[{"TurnEmailsintoToDoItems":{"environmentVariables":[{"schemaName":"a3p_TEITDI_CreateaToDoforemailsfrom","value":"","defaultValue":";","name":{"default":"Create a To Do for emails from","byLcid":{"1033":"Create a To Do for emails from"}},"typeId":100000000,"description":{"default":"Email ids separated by semi-colon (;)","byLcid":{"1033":"Email ids separated by semi-colon (;)"}},"inputControlConfig":"{\u0022control\u0022:{\u0022customerrormessage\u0022:\u0022Please enter valid email addresses separated by a semi-colon. Example: deva@contoso.com;devb@contoso.com;devc@contoso.com\u0022},\u0022validation\u0022:{\u0022regex\u0022:\u0022^\\\\s*(?:[a-zA-Z0-9._%\u002B-]\u002B@[a-zA-Z0-9.-]\u002B\\\\.[a-zA-Z]{2,})(?:\\\\s*(;\\\\s*[a-zA-Z0-9._%\u002B-]\u002B@[a-zA-Z0-9.-]\u002B\\\\.[a-zA-Z]{2,}))*\\\\s*$|^\\\\s*;$\u0022}}","isRequired":false},{"schemaName":"a3p_TEITDI_CreateaToDoforemailssentto","value":"","defaultValue":";","name":{"default":"Create a To Do for emails sent to","byLcid":{"1033":"Create a To Do for emails sent to"}},"typeId":100000000,"description":{"default":"Email ids separated by semi-colon (;)","byLcid":{"1033":"Email ids separated by semi-colon (;)"}},"inputControlConfig":"{\u0022control\u0022:{\u0022customerrormessage\u0022:\u0022Please enter valid email addresses separated by a semi-colon. Example: deva@contoso.com;devb@contoso.com;devc@contoso.com\u0022},\u0022validation\u0022:{\u0022regex\u0022:\u0022^\\\\s*(?:[a-zA-Z0-9._%\u002B-]\u002B@[a-zA-Z0-9.-]\u002B\\\\.[a-zA-Z]{2,})(?:\\\\s*(;\\\\s*[a-zA-Z0-9._%\u002B-]\u002B@[a-zA-Z0-9.-]\u002B\\\\.[a-zA-Z]{2,}))*\\\\s*$|^\\\\s*;$\u0022}}","isRequired":false},{"schemaName":"a3p_TEITDI_KeyphrasesinsubjectsseperatedbysemicolonsifanymatchaToDowillbecreated","value":"","defaultValue":";","name":{"default":"Key phrases in subject(s) seperated by semicolons (if any match, a To Do will be created)","byLcid":{"1033":"Key phrases in subject(s) seperated by semicolons (if any match, a To Do will be created)"}},"typeId":100000000,"description":{"default":"Key phrases separated by semi-colon (;)","byLcid":{"1033":"Key phrases separated by semi-colon (;)"}},"inputControlConfig":"{\u0022control\u0022:{\u0022customerrormessage\u0022:\u0022Please enter keywords separated by a semi-colon. Example: Keyphrase1;Keyphrase2;Keyphrase3\u0022},\u0022validation\u0022:{\u0022regex\u0022:\u0022^(\\\\s*[^;]*\\\\s*)(;\\\\s*[^;]*\\\\s*)*$\u0022}}","isRequired":false}],"connectionReferences":[{"logicalName":"a3p_sharedoffice365users_d9975","connectionId":"","connectorId":"/providers/Microsoft.PowerApps/apis/shared_office365users"},{"logicalName":"a3p_sharedoffice365_96549","connectionId":"","connectorId":"/providers/Microsoft.PowerApps/apis/shared_office365"},{"logicalName":"a3p_sharedtodo_860fc","connectionId":"","connectorId":"/providers/Microsoft.PowerApps/apis/shared_todo"}],"workflows":[{"name":"Turn Emails into To-Do Items","workflowId":"742e1651-e2fd-ef11-bae2-000d3a318fce","userEmail":"","systemUserId":"00000000-0000-0000-0000-000000000000"}],"canvasApps":[]}}]}