{"SchemaVersion":"1.0","PublisherId":"GUID","ApplicationId":"GUID","PackageDefinition":{"AssetFolder":"PackageAssets","PackageName":"Marktentativeblockersasbusywheneventstarts","PackageLongName":"Mark tentative blockers as busy when event starts","PackageDescription":null,"AnchorSolutionUniqueName":"Marktentativeblockersasbusywheneventstarts"},"DeploymentSettings":[{"Marktentativeblockersasbusywheneventstarts":{"environmentVariables":[{"schemaName":"a3p_MTBABWES_Keywordstocheckwithintentativeevent","value":"","defaultValue":"Blocker","name":{"default":"Keywords to check within tentative event","byLcid":{"1033":"Keywords to check within tentative event"}},"typeId":100000000,"description":{"default":"If a tentative event contains any of this text, it will be marked as busy shortly before starting. Use \u0027;\u0027 to delineate multiple text options. Default: Blocker","byLcid":{"1033":"If a tentative event contains any of this text, it will be marked as busy shortly before starting. Use \u0027;\u0027 to delineate multiple text options. Default: Blocker"}},"inputControlConfig":"{\u0022control\u0022:{\u0022customerrormessage\u0022:\u0022Use a semicolon (;) to separate the choices, do not add unnecessary spaces.\u0022},\u0022validation\u0022:{\u0022regex\u0022:\u0022^(\\\\w\u002B)(;\\\\w\u002B)*$\u0022}}","isRequired":false},{"schemaName":"a3p_MTBABWES_Selectthecalendaryouwishyouuse","value":"","defaultValue":"AQMkAGZlMDI5YWQzLWZjNjEtNDk2OS1hODVkLTc2NTBjOWMwYzlhNgBGAAADk7yoZ1DtfEagLUwfgqA1YwcAZo2eTj9oB0We3zO4PSrodgAAAgEGAAAAZo2eTj9oB0We3zO4PSrodgAAAV-gvgAAAA==","name":{"default":"Select the calendar you wish you use","byLcid":{"1033":"Select the calendar you wish you use"}},"typeId":100000004,"isRequired":true,"parameterKey":"calendars","apiId":"/providers/microsoft.powerapps/apis/shared_office365"}],"connectionReferences":[{"logicalName":"a3p_sharedoffice365_e66de","connectionId":"","connectorId":"/providers/Microsoft.PowerApps/apis/shared_office365"}],"workflows":[{"name":"Mark tentative blockers as busy","workflowId":"e54b8a1c-250a-f011-bae2-6045bd014f5b","userEmail":"","systemUserId":"00000000-0000-0000-0000-000000000000"}],"canvasApps":[]}}]}