{"SchemaVersion":"1.0","PublisherId":"GUID","ApplicationId":"GUID","PackageDefinition":{"AssetFolder":"PackageAssets","PackageName":"AutomatedAlertsforNonParentedItems","PackageLongName":"Automated Alerts for Non-Parented Items","PackageDescription":null,"AnchorSolutionUniqueName":"AutomatedAlertsforNonParentedItems"},"DeploymentSettings":[{"AutomatedAlertsforNonParentedItems":{"environmentVariables":[{"schemaName":"a3p_AANPI_AzureDevOpsOrganisation","value":"","name":{"default":"Azure DevOps Organisation","byLcid":{"1033":"Azure DevOps Organisation"}},"typeId":100000004,"isRequired":true,"parameterKey":"account","apiId":"/providers/Microsoft.PowerApps/apis/shared_visualstudioteamservices"},{"schemaName":"a3p_AANPI_AzureDevOpsProject","value":"","name":{"default":"Azure DevOps Project","byLcid":{"1033":"Azure DevOps Project"}},"typeId":100000004,"isRequired":true,"parameterKey":"project","apiId":"/providers/Microsoft.PowerApps/apis/shared_visualstudioteamservices","parentSchemaName":"a3p_AANPI_AzureDevOpsOrganisation"},{"schemaName":"a3p_AANPI_AzureDevOpsTeam","value":"","name":{"default":"Azure DevOps Team","byLcid":{"1033":"Azure DevOps Team"}},"typeId":100000000,"description":{"default":"You need to manually copy and paste your ADO team name in the textbox. Make sure that this team resides within the previously mentioned ADO organisation and project, otherwise the automation will fail.","byLcid":{"1033":"You need to manually copy and paste your ADO team name in the textbox. Make sure that this team resides within the previously mentioned ADO organisation and project, otherwise the automation will fail."}},"isRequired":true},{"schemaName":"a3p_AANPI_TimeZone","value":"","defaultValue":"Pacific Standard Time","name":{"default":"Time Zone (Defaults to Pacific Standard Time)","byLcid":{"1033":"Time Zone (Defaults to Pacific Standard Time)"}},"typeId":100000000,"description":{"default":"Paste \u0022Name Of Time Zone\u0022 from the table in the \u0022Learn More\u0022 link and remove any periods \u0027.\u0027 from the name.","byLcid":{"1033":"Paste \u0022Name Of Time Zone\u0022 from the table in the \u0022Learn More\u0022 link and remove any periods \u0027.\u0027 from the name."}},"learnMoreUrl":"https://aka.ms/flowtimezone","isRequired":false}],"connectionReferences":[{"logicalName":"a3p_sharedoffice365users_e3391","connectionId":"","connectorId":"/providers/Microsoft.PowerApps/apis/shared_office365users"},{"logicalName":"a3p_sharedoffice365_17636","connectionId":"","connectorId":"/providers/Microsoft.PowerApps/apis/shared_office365"},{"logicalName":"a3p_sharedvisualstudioteamservices_717d3","connectionId":"","connectorId":"/providers/Microsoft.PowerApps/apis/shared_visualstudioteamservices"}],"workflows":[{"name":"Reminders to parent items","workflowId":"c30802c2-6b2a-f011-8c4d-6045bd086375","userEmail":"","systemUserId":"00000000-0000-0000-0000-000000000000"}],"canvasApps":[]}}]}