{"SchemaVersion":"1.0","PublisherId":"GUID","ApplicationId":"GUID","PackageDefinition":{"AssetFolder":"PackageAssets","PackageName":"PrompttoSetAgenda","PackageLongName":"Prompt to Set Agenda","PackageDescription":null,"AnchorSolutionUniqueName":"PrompttoSetAgenda"},"DeploymentSettings":[{"PrompttoSetAgenda":{"environmentVariables":[{"schemaName":"a3p_PTSA_Howwouldyouliketoautomaticallyrespondtoinvitesreceivedwithoutanagenda","value":"","defaultValue":"Only send an email","name":{"default":"How would you like to automatically respond to invites received without an agenda?","byLcid":{"1033":"How would you like to automatically respond to invites received without an agenda?"}},"typeId":100000000,"description":{"default":"Options available: Tentative, Accept, Decline, Only send an email, Ask me every time. Defaults to \u0022Only send an email\u0022","byLcid":{"1033":"Options available: Tentative, Accept, Decline, Only send an email, Ask me every time. Defaults to \u0022Only send an email\u0022"}},"inputControlConfig":"{\u0022control\u0022:{\u0022customerrormessage\u0022:\u0022This field is case-sensitive, make sure you have copied the choice correctly\u0022},\u0022validation\u0022:{\u0022regex\u0022:\u0022^(Accept|Tentative|Decline|Ask me every time|Only send an email)?$\u0022}}","isRequired":false},{"schemaName":"a3p_PTSA_SelectCalendarfromthelistbelowtomonitoryourdefaultcalendar","value":"","defaultValue":"AAMkADhlOTFmNDY1LTEzZGUtNGEwNS05ZGIzLWFkNTg2ZjFiZTNkMQBGAAAAAABSn_wgSUDpS6FbsQGxZGQSBwA9PxeMtWHxSL129LnSIBZ9AAAAAAEGAAA9PxeMtWHxSL129LnSIBZ9AAACogTAAAA=","name":{"default":"Select \u0022Calendar\u0022 from the list below to monitor your default calendar","byLcid":{"1033":"Select \u0022Calendar\u0022 from the list below to monitor your default calendar"}},"typeId":100000004,"isRequired":true,"parameterKey":"calendars","apiId":"/providers/microsoft.powerapps/apis/shared_office365"},{"schemaName":"a3p_PTSA_Settheresponsetosendtomeetingorganizerswhenanagendaisnotset","value":"","defaultValue":"The event does not seem to have an agenda, please consider adding one. Ignore if the agenda is already added. This is an automated response.","name":{"default":"Set the response to send to meeting organizers when an agenda is not set","byLcid":{"1033":"Set the response to send to meeting organizers when an agenda is not set"}},"typeId":100000000,"description":{"default":"Defaults to: The event does not seem to have an agenda, please consider adding one. Ignore if the agenda is already added. This is an automated response.","byLcid":{"1033":"Defaults to: The event does not seem to have an agenda, please consider adding one. Ignore if the agenda is already added. This is an automated response."}},"isRequired":false},{"schemaName":"a3p_PTSA_Setyourlocaltimezone","value":"","defaultValue":"Pacific Standard Time","name":{"default":"Set your local time zone (Defaults to Pacific Standard Time)","byLcid":{"1033":"Set your local time zone (Defaults to Pacific Standard Time)"}},"typeId":100000000,"description":{"default":"Paste \u0022Name Of Time Zone\u0022 from the table in the \u0022Learn More\u0022 link and remove any periods \u0027.\u0027 from the name.","byLcid":{"1033":"Paste \u0022Name Of Time Zone\u0022 from the table in the \u0022Learn More\u0022 link and remove any periods \u0027.\u0027 from the name."}},"learnMoreUrl":"https://aka.ms/flowtimezone","isRequired":false}],"connectionReferences":[{"logicalName":"a3p_sharedconversionservice_6c0ff","connectionId":"","connectorId":"/providers/Microsoft.PowerApps/apis/shared_conversionservice"},{"logicalName":"a3p_sharedoffice365users_44462","connectionId":"","connectorId":"/providers/Microsoft.PowerApps/apis/shared_office365users"},{"logicalName":"a3p_sharedoffice365_f96b6","connectionId":"","connectorId":"/providers/Microsoft.PowerApps/apis/shared_office365"},{"logicalName":"a3p_sharedteams_f3cf3","connectionId":"","connectorId":"/providers/Microsoft.PowerApps/apis/shared_teams"}],"workflows":[{"name":"Prompt to Set Agenda","workflowId":"531b2489-8209-f011-bae3-6045bd00d1eb","userEmail":"","systemUserId":"00000000-0000-0000-0000-000000000000"}],"canvasApps":[]}}]}