{"SchemaVersion":"1.0","PublisherId":"GUID","ApplicationId":"GUID","PackageDefinition":{"AssetFolder":"PackageAssets","PackageName":"RemindertoRSVPtoUpcomingMeetings","PackageLongName":"Reminder to RSVP to Upcoming Meetings","PackageDescription":null,"AnchorSolutionUniqueName":"RemindertoRSVPtoUpcomingMeetings"},"DeploymentSettings":[{"RemindertoRSVPtoUpcomingMeetings":{"environmentVariables":[{"schemaName":"a3p_RTRTUM_TimeZone","value":"","defaultValue":"Pacific Standard Time","name":{"default":"Time Zone (Defaults to Pacific Standard Time)","byLcid":{"1033":"Time Zone (Defaults to Pacific Standard Time)"}},"typeId":100000000,"description":{"default":"Paste \u0022Name Of Time Zone\u0022 from the table in the \u0022Learn More\u0022 link and remove any periods \u0027.\u0027 from the name.","byLcid":{"1033":"Paste \u0022Name Of Time Zone\u0022 from the table in the \u0022Learn More\u0022 link and remove any periods \u0027.\u0027 from the name."}},"learnMoreUrl":"https://aka.ms/flowtimezone","isRequired":false}],"connectionReferences":[{"logicalName":"a3p_sharedoffice365users_278ac","connectionId":"","connectorId":"/providers/Microsoft.PowerApps/apis/shared_office365users"},{"logicalName":"a3p_sharedoffice365_d1ee1","connectionId":"","connectorId":"/providers/Microsoft.PowerApps/apis/shared_office365"},{"logicalName":"a3p_sharedteams_b81fc","connectionId":"","connectorId":"/providers/Microsoft.PowerApps/apis/shared_teams"}],"workflows":[{"name":"Reminder to RSVP to Upcoming Meetings","workflowId":"f46873fc-c8fd-ef11-bae2-6045bd086375","userEmail":"","systemUserId":"00000000-0000-0000-0000-000000000000"}],"canvasApps":[]}}]}