{"SchemaVersion":"1.0","PublisherId":"GUID","ApplicationId":"GUID","PackageDefinition":{"AssetFolder":"PackageAssets","PackageName":"WeeklyPlannerSummary","PackageLongName":"Weekly Planner Summary","PackageDescription":null,"AnchorSolutionUniqueName":"WeeklyPlannerSummary"},"DeploymentSettings":[{"WeeklyPlannerSummary":{"environmentVariables":[{"schemaName":"a3p_WPS_Dayoftheweek","value":"","defaultValue":"Monday","name":{"default":"Day of the week (Defaults to Monday)","byLcid":{"1033":"Day of the week (Defaults to Monday)"}},"typeId":100000000,"description":{"default":"Complete spelling with the first letter in upper-case accepted. Example: \u0022Wednesday\u0022 is accepted, \u0022wed\u0022 is not.","byLcid":{"1033":"Complete spelling with the first letter in upper-case accepted. Example: \u0022Wednesday\u0022 is accepted, \u0022wed\u0022 is not."}},"inputControlConfig":"{\u0022control\u0022:{\u0022customerrormessage\u0022:\u0022Make sure you have entered the day completely and correctly. It should start with an upper-case letter, example: Wednesday.\u0022},\u0022validation\u0022:{\u0022regex\u0022:\u0022^(Sunday|Monday|Tuesday|Wednesday|Thursday|Friday|Saturday)?$\u0022}}","isRequired":false},{"schemaName":"a3p_WPS_Hoursofday","value":"","defaultValue":"10","name":{"default":"Hours of the day (Defaults to 10)","byLcid":{"1033":"Hours of the day (Defaults to 10)"}},"typeId":100000000,"description":{"default":"Accepted values range between 07 to 19 hours. For example, if you want the trigger hour to be 2PM, enter 14.","byLcid":{"1033":"Accepted values range between 07 to 19 hours. For example, if you want the trigger hour to be 2PM, enter 14."}},"inputControlConfig":"{\u0022control\u0022:{\u0022customerrormessage\u0022:\u0022Valid values range between 07 to19 hours. For example, if you want the trigger hour to be 2PM, enter 14.\u0022},\u0022validation\u0022:{\u0022regex\u0022:\u0022^(07|08|09|10|11|12|13|14|15|16|17|18|19)?$\u0022}}","isRequired":false},{"schemaName":"a3p_WPS_Minutesofhour","value":"","defaultValue":"00","name":{"default":"Minutes of the hour (Defaults to 00)","byLcid":{"1033":"Minutes of the hour (Defaults to 00)"}},"typeId":100000000,"description":{"default":"Accepted values are 00 and 30. For example, if you want the trigger time to be at the hour mark, use 00. If you want it to be at half an hour mark, use 30.","byLcid":{"1033":"Accepted values are 00 and 30. For example, if you want the trigger time to be at the hour mark, use 00. If you want it to be at half an hour mark, use 30."}},"inputControlConfig":"{\u0022control\u0022:{\u0022customerrormessage\u0022:\u0022Accepted values are 00 and 30. For example, if you want the trigger time to be at the hour mark, use 00. If you want it to be at half an hour mark, use 30.\u0022},\u0022validation\u0022:{\u0022regex\u0022:\u0022^(00|30)?$\u0022}}","isRequired":false},{"schemaName":"a3p_WPS_SelecttheGroupwheretheplannerislocated","value":"","name":{"default":"Planner Group","byLcid":{"1033":"Planner Group"}},"typeId":100000004,"isRequired":true,"parameterKey":"groupId","apiId":"/providers/Microsoft.PowerApps/apis/shared_planner"},{"schemaName":"a3p_WPS_SelectthePlanner","value":"","name":{"default":"Select the Planner","byLcid":{"1033":"Select the Planner"}},"typeId":100000004,"description":{"default":"This is a required field, do not proceed without selecting the planner.","byLcid":{"1033":"This is a required field, do not proceed without selecting the planner."}},"isRequired":true,"parameterKey":"planId","apiId":"/providers/Microsoft.PowerApps/apis/shared_planner","parentSchemaName":"a3p_WPS_SelecttheGroupwheretheplannerislocated"},{"schemaName":"a3p_WPS_TimeZone","value":"","defaultValue":"Pacific Standard Time","name":{"default":"Time Zone (Defaults to Pacific Standard Time)","byLcid":{"1033":"Time Zone (Defaults to Pacific Standard Time)"}},"typeId":100000000,"description":{"default":"Paste \u0022Name Of Time Zone\u0022 from the table in the \u0022Learn More\u0022 link and remove any periods \u0027.\u0027 from the name.","byLcid":{"1033":"Paste \u0022Name Of Time Zone\u0022 from the table in the \u0022Learn More\u0022 link and remove any periods \u0027.\u0027 from the name."}},"learnMoreUrl":"https://aka.ms/flowtimezone","isRequired":false}],"connectionReferences":[{"logicalName":"a3p_sharedoffice365users_0f6f4","connectionId":"","connectorId":"/providers/Microsoft.PowerApps/apis/shared_office365users"},{"logicalName":"a3p_sharedoffice365_ab2bd","connectionId":"","connectorId":"/providers/Microsoft.PowerApps/apis/shared_office365"},{"logicalName":"a3p_sharedplanner_d4517","connectionId":"","connectorId":"/providers/Microsoft.PowerApps/apis/shared_planner"}],"workflows":[{"name":"Weekly Planner Summary","workflowId":"4b0d4be6-da24-f011-8c4e-6045bd0857df","userEmail":"","systemUserId":"00000000-0000-0000-0000-000000000000"}],"canvasApps":[]}}]}