{"SchemaVersion":"1.0","PublisherId":"GUID","ApplicationId":"GUID","PackageDefinition":{"AssetFolder":"PackageAssets","PackageName":"SaveAttachmentstoOneDrive","PackageLongName":"Save Attachments to OneDrive","PackageDescription":null,"AnchorSolutionUniqueName":"SaveAttachmentstoOneDrive"},"DeploymentSettings":[{"SaveAttachmentstoOneDrive":{"environmentVariables":[{"schemaName":"a3p_SAO_Saveallemailattachments","value":"","defaultValue":"no","name":{"default":"Save all email attachments?","byLcid":{"1033":"Save all email attachments?"}},"typeId":100000002,"inputControlConfig":"{\u0022inputcontroltype\u0022:\u0022toggle\u0022}","isRequired":false},{"schemaName":"a3p_SAO_SaveemailattachmentsfromHR","value":"","defaultValue":"no","name":{"default":"Save email attachments from HR?","byLcid":{"1033":"Save email attachments from HR?"}},"typeId":100000002,"inputControlConfig":"{\u0022inputcontroltype\u0022:\u0022toggle\u0022}","isRequired":false},{"schemaName":"a3p_SAO_SaveemailattachmentsfromHRid","value":"","defaultValue":";","name":{"default":"HR email Ids:","byLcid":{"1033":"HR email Ids:"}},"typeId":100000000,"description":{"default":"Email ids separated by semi-colon (;).","byLcid":{"1033":"Email ids separated by semi-colon (;)."}},"inputControlConfig":"{\u0022control\u0022:{\u0022customerrormessage\u0022:\u0022Please enter valid email addresses separated by a semi-colon. Example: deva@contoso.com;devb@contoso.com;devc@contoso.com\u0022},\u0022validation\u0022:{\u0022regex\u0022:\u0022^\\\\s*(?:[a-zA-Z0-9._%\u002B-]\u002B@[a-zA-Z0-9.-]\u002B\\\\.[a-zA-Z]{2,})(?:\\\\s*(;\\\\s*[a-zA-Z0-9._%\u002B-]\u002B@[a-zA-Z0-9.-]\u002B\\\\.[a-zA-Z]{2,}))*\\\\s*$|^\\\\s*;$\u0022}}","isRequired":false},{"schemaName":"a3p_SAO_SaveemailattachmentsfromPayroll","value":"","defaultValue":"no","name":{"default":"Save email attachments from Payroll?","byLcid":{"1033":"Save email attachments from Payroll?"}},"typeId":100000002,"inputControlConfig":"{\u0022inputcontroltype\u0022:\u0022toggle\u0022}","isRequired":false},{"schemaName":"a3p_SAO_SaveemailattachmentsfromPayrollid","value":"","defaultValue":";","name":{"default":"Payroll email Ids:","byLcid":{"1033":"Payroll email Ids:"}},"typeId":100000000,"description":{"default":"Email ids separated by semi-colon (;).","byLcid":{"1033":"Email ids separated by semi-colon (;)."}},"inputControlConfig":"{\u0022control\u0022:{\u0022customerrormessage\u0022:\u0022Please enter valid email addresses separated by a semi-colon. Example: deva@contoso.com;devb@contoso.com;devc@contoso.com\u0022},\u0022validation\u0022:{\u0022regex\u0022:\u0022^\\\\s*(?:[a-zA-Z0-9._%\u002B-]\u002B@[a-zA-Z0-9.-]\u002B\\\\.[a-zA-Z]{2,})(?:\\\\s*(;\\\\s*[a-zA-Z0-9._%\u002B-]\u002B@[a-zA-Z0-9.-]\u002B\\\\.[a-zA-Z]{2,}))*\\\\s*$|^\\\\s*;$\u0022}}","isRequired":false},{"schemaName":"a3p_SAO_SaveemailattachmentsfromspecificemailIds","value":"","defaultValue":"no","name":{"default":"Save email attachments from specific email Ids?","byLcid":{"1033":"Save email attachments from specific email Ids?"}},"typeId":100000002,"inputControlConfig":"{\u0022inputcontroltype\u0022:\u0022toggle\u0022}","isRequired":false},{"schemaName":"a3p_SAO_SaveemailattachmentsfromspecificemailIdsid","value":"","defaultValue":";","name":{"default":"Specific email Ids:","byLcid":{"1033":"Specific email Ids:"}},"typeId":100000000,"description":{"default":"Email ids separated by semi-colon (;).","byLcid":{"1033":"Email ids separated by semi-colon (;)."}},"inputControlConfig":"{\u0022control\u0022:{\u0022customerrormessage\u0022:\u0022Please enter valid email addresses separated by a semi-colon. Example: deva@contoso.com;devb@contoso.com;devc@contoso.com\u0022},\u0022validation\u0022:{\u0022regex\u0022:\u0022^\\\\s*(?:[a-zA-Z0-9._%\u002B-]\u002B@[a-zA-Z0-9.-]\u002B\\\\.[a-zA-Z]{2,})(?:\\\\s*(;\\\\s*[a-zA-Z0-9._%\u002B-]\u002B@[a-zA-Z0-9.-]\u002B\\\\.[a-zA-Z]{2,}))*\\\\s*$|^\\\\s*;$\u0022}}","isRequired":false},{"schemaName":"a3p_SAO_SaveemailattachmentsfromWellness","value":"","defaultValue":"no","name":{"default":"Save email attachments from Wellness?","byLcid":{"1033":"Save email attachments from Wellness?"}},"typeId":100000002,"inputControlConfig":"{\u0022inputcontroltype\u0022:\u0022toggle\u0022}","isRequired":false},{"schemaName":"a3p_SAO_SaveemailattachmentsfromWellnessid","value":"","defaultValue":";","name":{"default":"Wellness email Ids:","byLcid":{"1033":"Wellness email Ids:"}},"typeId":100000000,"description":{"default":"Email ids separated by semi-colon (;).","byLcid":{"1033":"Email ids separated by semi-colon (;)."}},"inputControlConfig":"{\u0022control\u0022:{\u0022customerrormessage\u0022:\u0022Please enter valid email addresses separated by a semi-colon. Example: deva@contoso.com;devb@contoso.com;devc@contoso.com\u0022},\u0022validation\u0022:{\u0022regex\u0022:\u0022^\\\\s*(?:[a-zA-Z0-9._%\u002B-]\u002B@[a-zA-Z0-9.-]\u002B\\\\.[a-zA-Z]{2,})(?:\\\\s*(;\\\\s*[a-zA-Z0-9._%\u002B-]\u002B@[a-zA-Z0-9.-]\u002B\\\\.[a-zA-Z]{2,}))*\\\\s*$|^\\\\s*;$\u0022}}","isRequired":false}],"connectionReferences":[{"logicalName":"a3p_sharedoffice365users_47850","connectionId":"","connectorId":"/providers/Microsoft.PowerApps/apis/shared_office365users"},{"logicalName":"a3p_sharedoffice365_359d8","connectionId":"","connectorId":"/providers/Microsoft.PowerApps/apis/shared_office365"},{"logicalName":"a3p_sharedonedriveforbusiness_0256b","connectionId":"","connectorId":"/providers/Microsoft.PowerApps/apis/shared_onedriveforbusiness"}],"workflows":[{"name":"Save Office 365 email attachments to OneDrive for Business","workflowId":"a1c9e148-e42f-f011-8c4d-00224802cf58","userEmail":"","systemUserId":"00000000-0000-0000-0000-000000000000"}],"canvasApps":[]}}]}