{"SchemaVersion":"1.0","PublisherId":"GUID","ApplicationId":"GUID","PackageDefinition":{"AssetFolder":"PackageAssets","PackageName":"ScheduleFocusTimeLast","PackageLongName":"Schedule Focus Time Last","PackageDescription":null,"AnchorSolutionUniqueName":"ScheduleFocusTimeLast"},"DeploymentSettings":[{"ScheduleFocusTimeLast":{"environmentVariables":[{"schemaName":"a3p_SFTL_Dailyfocustimegoalhours","value":"","defaultValue":"1","name":{"default":"Daily focus time goal (hours)","byLcid":{"1033":"Daily focus time goal (hours)"}},"typeId":100000001,"inputControlConfig":"{\u0022inputcontroltype\u0022:\u0022slider\u0022,\u0022control\u0022:{\u0022minvalue\u0022:1,\u0022maxvalue\u0022:4}}","isRequired":false},{"schemaName":"a3p_SFTL_Pleaseselectyourprimarycalendar","value":"","defaultValue":"AQMkAGZlMDI5YWQzLWZjNjEtNDk2OS1hODVkLTc2NTBjOWMwYzlhNgBGAAADk7yoZ1DtfEagLUwfgqA1YwcAZo2eTj9oB0We3zO4PSrodgAAAgEGAAAAZo2eTj9oB0We3zO4PSrodgAAAV-gvgAAAA==","name":{"default":"Please select your primary calendar","byLcid":{"1033":"Please select your primary calendar"}},"typeId":100000004,"isRequired":true,"parameterKey":"calendars","apiId":"/providers/microsoft.powerapps/apis/shared_office365"},{"schemaName":"a3p_SFTL_TimeZone","value":"","defaultValue":"Pacific Standard Time","name":{"default":"Time zone (Defaults to Pacific Standard Time)","byLcid":{"1033":"Time zone (Defaults to Pacific Standard Time)"}},"typeId":100000000,"description":{"default":"Paste \u0022Name Of Time Zone\u0022 from the table in the \u0022Learn More\u0022 link and remove any periods \u0027.\u0027 from the name.","byLcid":{"1033":"Paste \u0022Name Of Time Zone\u0022 from the table in the \u0022Learn More\u0022 link and remove any periods \u0027.\u0027 from the name."}},"learnMoreUrl":"https://aka.ms/flowtimezone","isRequired":false}],"connectionReferences":[{"logicalName":"a3p_sharedoffice365users_44707","connectionId":"","connectorId":"/providers/Microsoft.PowerApps/apis/shared_office365users"},{"logicalName":"a3p_sharedoffice365_2c084","connectionId":"","connectorId":"/providers/Microsoft.PowerApps/apis/shared_office365"}],"workflows":[{"name":"Ensure Adequate Focus Time","workflowId":"8025d1ae-140a-f011-bae2-6045bd0857df","userEmail":"","systemUserId":"00000000-0000-0000-0000-000000000000"}],"canvasApps":[]}}]}