<ImportExportXml xmlns:xsi="http://www.w3.org/2001/XMLSchema-instance" OrganizationVersion="9.2.25033.232" OrganizationSchemaType="Standard" CRMServerServiceabilityVersion="9.2.25033.00232">
  <Entities>
    <Entity>
      <Name LocalizedName="Catalog Item" OriginalName="Catalog Item">mspcat_applications</Name>
      <EntityInfo>
        <entity Name="mspcat_applications">
          <attributes>
            <attribute PhysicalName="cr74e_IsFeatured">
              <Type>bit</Type>
              <Name>cr74e_isfeatured</Name>
              <LogicalName>cr74e_isfeatured</LogicalName>
              <RequiredLevel>required</RequiredLevel>
              <DisplayMask>ValidForAdvancedFind|ValidForForm|ValidForGrid</DisplayMask>
              <ImeMode>auto</ImeMode>
              <ValidForUpdateApi>1</ValidForUpdateApi>
              <ValidForReadApi>1</ValidForReadApi>
              <ValidForCreateApi>1</ValidForCreateApi>
              <IsCustomField>1</IsCustomField>
              <IsAuditEnabled>1</IsAuditEnabled>
              <IsSecured>0</IsSecured>
              <IntroducedVersion>1.0.0.2</IntroducedVersion>
              <IsCustomizable>1</IsCustomizable>
              <IsRenameable>1</IsRenameable>
              <CanModifySearchSettings>1</CanModifySearchSettings>
              <CanModifyRequirementLevelSettings>1</CanModifyRequirementLevelSettings>
              <CanModifyAdditionalSettings>1</CanModifyAdditionalSettings>
              <SourceType>0</SourceType>
              <IsGlobalFilterEnabled>0</IsGlobalFilterEnabled>
              <IsSortableEnabled>0</IsSortableEnabled>
              <CanModifyGlobalFilterSettings>1</CanModifyGlobalFilterSettings>
              <CanModifyIsSortableSettings>1</CanModifyIsSortableSettings>
              <IsDataSourceSecret>0</IsDataSourceSecret>
              <AutoNumberFormat></AutoNumberFormat>
              <IsSearchable>0</IsSearchable>
              <IsFilterable>0</IsFilterable>
              <IsRetrievable>0</IsRetrievable>
              <IsLocalizable>0</IsLocalizable>
              <AppDefaultValue>0</AppDefaultValue>
              <optionset Name="cr74e_mspcat_applications_cr74e_isfeatured">
                <OptionSetType>bit</OptionSetType>
                <IntroducedVersion>1.0.0.2</IntroducedVersion>
                <IsCustomizable>1</IsCustomizable>
                <ExternalTypeName></ExternalTypeName>
                <displaynames>
                  <displayname description="Is Featured" languagecode="1033" />
                </displaynames>
                <Descriptions>
                  <Description description="" languagecode="1033" />
                </Descriptions>
                <options>
                  <option value="1" ExternalValue="" IsHidden="0">
                    <labels>
                      <label description="Yes" languagecode="1033" />
                    </labels>
                  </option>
                  <option value="0" ExternalValue="" IsHidden="0">
                    <labels>
                      <label description="No" languagecode="1033" />
                    </labels>
                  </option>
                </options>
              </optionset>
              <displaynames>
                <displayname description="Is Featured" languagecode="1033" />
              </displaynames>
              <Descriptions>
                <Description description="" languagecode="1033" />
              </Descriptions>
            </attribute>
            <attribute PhysicalName="cr74e_TimeSavingType">
              <Type>picklist</Type>
              <Name>cr74e_timesavingtype</Name>
              <LogicalName>cr74e_timesavingtype</LogicalName>
              <RequiredLevel>none</RequiredLevel>
              <DisplayMask>ValidForForm|ValidForGrid</DisplayMask>
              <ImeMode>auto</ImeMode>
              <ValidForUpdateApi>1</ValidForUpdateApi>
              <ValidForReadApi>1</ValidForReadApi>
              <ValidForCreateApi>1</ValidForCreateApi>
              <IsCustomField>1</IsCustomField>
              <IsAuditEnabled>1</IsAuditEnabled>
              <IsSecured>0</IsSecured>
              <IntroducedVersion>1.0.0.2</IntroducedVersion>
              <IsCustomizable>1</IsCustomizable>
              <IsRenameable>1</IsRenameable>
              <CanModifySearchSettings>1</CanModifySearchSettings>
              <CanModifyRequirementLevelSettings>1</CanModifyRequirementLevelSettings>
              <CanModifyAdditionalSettings>1</CanModifyAdditionalSettings>
              <SourceType>0</SourceType>
              <IsGlobalFilterEnabled>0</IsGlobalFilterEnabled>
              <IsSortableEnabled>0</IsSortableEnabled>
              <CanModifyGlobalFilterSettings>1</CanModifyGlobalFilterSettings>
              <CanModifyIsSortableSettings>1</CanModifyIsSortableSettings>
              <IsDataSourceSecret>0</IsDataSourceSecret>
              <AutoNumberFormat></AutoNumberFormat>
              <IsSearchable>0</IsSearchable>
              <IsFilterable>0</IsFilterable>
              <IsRetrievable>0</IsRetrievable>
              <IsLocalizable>0</IsLocalizable>
              <AppDefaultValue>-1</AppDefaultValue>
              <optionset Name="cr74e_mspcat_applications_cr74e_timesavingtype">
                <OptionSetType>picklist</OptionSetType>
                <IntroducedVersion>1.0.0.2</IntroducedVersion>
                <IsCustomizable>1</IsCustomizable>
                <ExternalTypeName></ExternalTypeName>
                <displaynames>
                  <displayname description="Time Saving Type" languagecode="1033" />
                </displaynames>
                <Descriptions>
                  <Description description="" languagecode="1033" />
                </Descriptions>
                <options>
                  <option value="919440000" ExternalValue="" IsHidden="0">
                    <labels>
                      <label description="Per run" languagecode="1033" />
                    </labels>
                    <Descriptions>
                      <Description description="" languagecode="1033" />
                    </Descriptions>
                  </option>
                  <option value="919440001" ExternalValue="" IsHidden="0">
                    <labels>
                      <label description="Per day" languagecode="1033" />
                    </labels>
                    <Descriptions>
                      <Description description="" languagecode="1033" />
                    </Descriptions>
                  </option>
                  <option value="919440002" ExternalValue="" IsHidden="0">
                    <labels>
                      <label description="Per week" languagecode="1033" />
                    </labels>
                    <Descriptions>
                      <Description description="" languagecode="1033" />
                    </Descriptions>
                  </option>
                </options>
              </optionset>
              <displaynames>
                <displayname description="Time Saving Type" languagecode="1033" />
              </displaynames>
              <Descriptions>
                <Description description="" languagecode="1033" />
              </Descriptions>
            </attribute>
            <attribute PhysicalName="cr74e_TimeSavingUnit">
              <Type>picklist</Type>
              <Name>cr74e_timesavingunit</Name>
              <LogicalName>cr74e_timesavingunit</LogicalName>
              <RequiredLevel>none</RequiredLevel>
              <DisplayMask>ValidForForm|ValidForGrid</DisplayMask>
              <ImeMode>auto</ImeMode>
              <ValidForUpdateApi>1</ValidForUpdateApi>
              <ValidForReadApi>1</ValidForReadApi>
              <ValidForCreateApi>1</ValidForCreateApi>
              <IsCustomField>1</IsCustomField>
              <IsAuditEnabled>1</IsAuditEnabled>
              <IsSecured>0</IsSecured>
              <IntroducedVersion>1.0.0.2</IntroducedVersion>
              <IsCustomizable>1</IsCustomizable>
              <IsRenameable>1</IsRenameable>
              <CanModifySearchSettings>1</CanModifySearchSettings>
              <CanModifyRequirementLevelSettings>1</CanModifyRequirementLevelSettings>
              <CanModifyAdditionalSettings>1</CanModifyAdditionalSettings>
              <SourceType>0</SourceType>
              <IsGlobalFilterEnabled>0</IsGlobalFilterEnabled>
              <IsSortableEnabled>0</IsSortableEnabled>
              <CanModifyGlobalFilterSettings>1</CanModifyGlobalFilterSettings>
              <CanModifyIsSortableSettings>1</CanModifyIsSortableSettings>
              <IsDataSourceSecret>0</IsDataSourceSecret>
              <AutoNumberFormat></AutoNumberFormat>
              <IsSearchable>0</IsSearchable>
              <IsFilterable>0</IsFilterable>
              <IsRetrievable>0</IsRetrievable>
              <IsLocalizable>0</IsLocalizable>
              <AppDefaultValue>-1</AppDefaultValue>
              <optionset Name="cr74e_mspcat_applications_cr74e_timesavingunit">
                <OptionSetType>picklist</OptionSetType>
                <IntroducedVersion>1.0.0.2</IntroducedVersion>
                <IsCustomizable>1</IsCustomizable>
                <ExternalTypeName></ExternalTypeName>
                <displaynames>
                  <displayname description="Time Saving Unit" languagecode="1033" />
                </displaynames>
                <Descriptions>
                  <Description description="" languagecode="1033" />
                </Descriptions>
                <options>
                  <option value="919440000" ExternalValue="" IsHidden="0">
                    <labels>
                      <label description="Second" languagecode="1033" />
                    </labels>
                    <Descriptions>
                      <Description description="" languagecode="1033" />
                    </Descriptions>
                  </option>
                  <option value="919440001" ExternalValue="" IsHidden="0">
                    <labels>
                      <label description="Minute" languagecode="1033" />
                    </labels>
                    <Descriptions>
                      <Description description="" languagecode="1033" />
                    </Descriptions>
                  </option>
                  <option value="919440002" ExternalValue="" IsHidden="0">
                    <labels>
                      <label description="Hour" languagecode="1033" />
                    </labels>
                    <Descriptions>
                      <Description description="" languagecode="1033" />
                    </Descriptions>
                  </option>
                </options>
              </optionset>
              <displaynames>
                <displayname description="Time Saving Unit" languagecode="1033" />
              </displaynames>
              <Descriptions>
                <Description description="" languagecode="1033" />
              </Descriptions>
            </attribute>
            <attribute PhysicalName="cr74e_TimeSavingValue">
              <Type>decimal</Type>
              <Name>cr74e_timesavingvalue</Name>
              <LogicalName>cr74e_timesavingvalue</LogicalName>
              <RequiredLevel>none</RequiredLevel>
              <DisplayMask>ValidForForm|ValidForGrid</DisplayMask>
              <ImeMode>auto</ImeMode>
              <ValidForUpdateApi>1</ValidForUpdateApi>
              <ValidForReadApi>1</ValidForReadApi>
              <ValidForCreateApi>1</ValidForCreateApi>
              <IsCustomField>1</IsCustomField>
              <IsAuditEnabled>1</IsAuditEnabled>
              <IsSecured>0</IsSecured>
              <IntroducedVersion>1.0</IntroducedVersion>
              <IsCustomizable>1</IsCustomizable>
              <IsRenameable>1</IsRenameable>
              <CanModifySearchSettings>1</CanModifySearchSettings>
              <CanModifyRequirementLevelSettings>1</CanModifyRequirementLevelSettings>
              <CanModifyAdditionalSettings>1</CanModifyAdditionalSettings>
              <SourceType>0</SourceType>
              <IsGlobalFilterEnabled>0</IsGlobalFilterEnabled>
              <IsSortableEnabled>0</IsSortableEnabled>
              <CanModifyGlobalFilterSettings>1</CanModifyGlobalFilterSettings>
              <CanModifyIsSortableSettings>1</CanModifyIsSortableSettings>
              <IsDataSourceSecret>0</IsDataSourceSecret>
              <AutoNumberFormat></AutoNumberFormat>
              <IsSearchable>0</IsSearchable>
              <IsFilterable>0</IsFilterable>
              <IsRetrievable>0</IsRetrievable>
              <IsLocalizable>0</IsLocalizable>
              <MinValue>0</MinValue>
              <MaxValue>60</MaxValue>
              <displaynames>
                <displayname description="Time Saving Value" languagecode="1033" />
              </displaynames>
              <Descriptions>
                <Description description="" languagecode="1033" />
              </Descriptions>
            </attribute>
            <attribute PhysicalName="CreatedBy">
              <Type>lookup</Type>
              <Name>createdby</Name>
              <LogicalName>createdby</LogicalName>
              <RequiredLevel>none</RequiredLevel>
              <DisplayMask>ValidForAdvancedFind|ValidForForm|ValidForGrid</DisplayMask>
              <ImeMode>auto</ImeMode>
              <ValidForUpdateApi>0</ValidForUpdateApi>
              <ValidForReadApi>1</ValidForReadApi>
              <ValidForCreateApi>0</ValidForCreateApi>
              <IsCustomField>0</IsCustomField>
              <IsAuditEnabled>0</IsAuditEnabled>
              <IsSecured>0</IsSecured>
              <IntroducedVersion>1.0.0.0</IntroducedVersion>
              <IsCustomizable>1</IsCustomizable>
              <IsRenameable>1</IsRenameable>
              <CanModifySearchSettings>1</CanModifySearchSettings>
              <CanModifyRequirementLevelSettings>1</CanModifyRequirementLevelSettings>
              <CanModifyAdditionalSettings>1</CanModifyAdditionalSettings>
              <SourceType>0</SourceType>
              <IsGlobalFilterEnabled>0</IsGlobalFilterEnabled>
              <IsSortableEnabled>0</IsSortableEnabled>
              <CanModifyGlobalFilterSettings>1</CanModifyGlobalFilterSettings>
              <CanModifyIsSortableSettings>1</CanModifyIsSortableSettings>
              <IsDataSourceSecret>0</IsDataSourceSecret>
              <AutoNumberFormat></AutoNumberFormat>
              <IsSearchable>0</IsSearchable>
              <IsFilterable>0</IsFilterable>
              <IsRetrievable>0</IsRetrievable>
              <IsLocalizable>0</IsLocalizable>
              <LookupStyle>single</LookupStyle>
              <LookupTypes />
              <displaynames>
                <displayname description="Created By" languagecode="1033" />
              </displaynames>
              <Descriptions>
                <Description description="Unique identifier of the user who created the record." languagecode="1033" />
              </Descriptions>
            </attribute>
            <attribute PhysicalName="CreatedOnBehalfBy">
              <Type>lookup</Type>
              <Name>createdonbehalfby</Name>
              <LogicalName>createdonbehalfby</LogicalName>
              <RequiredLevel>none</RequiredLevel>
              <DisplayMask>ValidForAdvancedFind|ValidForForm|ValidForGrid</DisplayMask>
              <ImeMode>auto</ImeMode>
              <ValidForUpdateApi>0</ValidForUpdateApi>
              <ValidForReadApi>1</ValidForReadApi>
              <ValidForCreateApi>0</ValidForCreateApi>
              <IsCustomField>0</IsCustomField>
              <IsAuditEnabled>0</IsAuditEnabled>
              <IsSecured>0</IsSecured>
              <IntroducedVersion>1.0.0.0</IntroducedVersion>
              <IsCustomizable>1</IsCustomizable>
              <IsRenameable>1</IsRenameable>
              <CanModifySearchSettings>1</CanModifySearchSettings>
              <CanModifyRequirementLevelSettings>1</CanModifyRequirementLevelSettings>
              <CanModifyAdditionalSettings>1</CanModifyAdditionalSettings>
              <SourceType>0</SourceType>
              <IsGlobalFilterEnabled>0</IsGlobalFilterEnabled>
              <IsSortableEnabled>0</IsSortableEnabled>
              <CanModifyGlobalFilterSettings>1</CanModifyGlobalFilterSettings>
              <CanModifyIsSortableSettings>1</CanModifyIsSortableSettings>
              <IsDataSourceSecret>0</IsDataSourceSecret>
              <AutoNumberFormat></AutoNumberFormat>
              <IsSearchable>0</IsSearchable>
              <IsFilterable>0</IsFilterable>
              <IsRetrievable>0</IsRetrievable>
              <IsLocalizable>0</IsLocalizable>
              <LookupStyle>single</LookupStyle>
              <LookupTypes />
              <displaynames>
                <displayname description="Created By (Delegate)" languagecode="1033" />
              </displaynames>
              <Descriptions>
                <Description description="Unique identifier of the delegate user who created the record." languagecode="1033" />
              </Descriptions>
            </attribute>
            <attribute PhysicalName="daw_AHCategories">
              <Type>picklist</Type>
              <Name>daw_ahcategories</Name>
              <LogicalName>daw_ahcategories</LogicalName>
              <RequiredLevel>required</RequiredLevel>
              <DisplayMask>ValidForAdvancedFind|ValidForForm|ValidForGrid</DisplayMask>
              <ImeMode>auto</ImeMode>
              <ValidForUpdateApi>1</ValidForUpdateApi>
              <ValidForReadApi>1</ValidForReadApi>
              <ValidForCreateApi>1</ValidForCreateApi>
              <IsCustomField>1</IsCustomField>
              <IsAuditEnabled>1</IsAuditEnabled>
              <IsSecured>0</IsSecured>
              <IntroducedVersion>1.0.1.1</IntroducedVersion>
              <IsCustomizable>1</IsCustomizable>
              <IsRenameable>1</IsRenameable>
              <CanModifySearchSettings>1</CanModifySearchSettings>
              <CanModifyRequirementLevelSettings>1</CanModifyRequirementLevelSettings>
              <CanModifyAdditionalSettings>1</CanModifyAdditionalSettings>
              <SourceType>0</SourceType>
              <IsGlobalFilterEnabled>0</IsGlobalFilterEnabled>
              <IsSortableEnabled>0</IsSortableEnabled>
              <CanModifyGlobalFilterSettings>1</CanModifyGlobalFilterSettings>
              <CanModifyIsSortableSettings>1</CanModifyIsSortableSettings>
              <IsDataSourceSecret>0</IsDataSourceSecret>
              <AutoNumberFormat></AutoNumberFormat>
              <IsSearchable>0</IsSearchable>
              <IsFilterable>0</IsFilterable>
              <IsRetrievable>0</IsRetrievable>
              <IsLocalizable>0</IsLocalizable>
              <AppDefaultValue>774500000</AppDefaultValue>
              <optionset Name="daw_mspcat_applications_daw_ahcategories">
                <OptionSetType>picklist</OptionSetType>
                <IntroducedVersion>1.0.1.1</IntroducedVersion>
                <IsCustomizable>1</IsCustomizable>
                <ExternalTypeName></ExternalTypeName>
                <displaynames>
                  <displayname description="AH Categories" languagecode="1033" />
                </displaynames>
                <Descriptions>
                  <Description description="" languagecode="1033" />
                </Descriptions>
                <options>
                  <option value="774500000" ExternalValue="" IsHidden="0">
                    <labels>
                      <label description="Miscellaneous" languagecode="1033" />
                    </labels>
                    <Descriptions>
                      <Description description="" languagecode="1033" />
                    </Descriptions>
                  </option>
                  <option value="774500001" ExternalValue="" IsHidden="0">
                    <labels>
                      <label description="ADO Management" languagecode="1033" />
                    </labels>
                    <Descriptions>
                      <Description description="" languagecode="1033" />
                    </Descriptions>
                  </option>
                  <option value="774500002" ExternalValue="" IsHidden="0">
                    <labels>
                      <label description="Calendar Management" languagecode="1033" />
                    </labels>
                    <Descriptions>
                      <Description description="" languagecode="1033" />
                    </Descriptions>
                  </option>
                  <option value="774500003" ExternalValue="" IsHidden="0">
                    <labels>
                      <label description="Communication" languagecode="1033" />
                    </labels>
                    <Descriptions>
                      <Description description="" languagecode="1033" />
                    </Descriptions>
                  </option>
                  <option value="774500004" ExternalValue="" IsHidden="0">
                    <labels>
                      <label description="Email Management" languagecode="1033" />
                    </labels>
                    <Descriptions>
                      <Description description="" languagecode="1033" />
                    </Descriptions>
                  </option>
                  <option value="774500005" ExternalValue="" IsHidden="0">
                    <labels>
                      <label description="Onboarding" languagecode="1033" />
                    </labels>
                    <Descriptions>
                      <Description description="" languagecode="1033" />
                    </Descriptions>
                  </option>
                  <option value="774500006" ExternalValue="" IsHidden="0">
                    <labels>
                      <label description="Task Management" languagecode="1033" />
                    </labels>
                    <Descriptions>
                      <Description description="" languagecode="1033" />
                    </Descriptions>
                  </option>
                  <option value="774500007" ExternalValue="" IsHidden="0">
                    <labels>
                      <label description="Wellness At Work" languagecode="1033" />
                    </labels>
                    <Descriptions>
                      <Description description="" languagecode="1033" />
                    </Descriptions>
                  </option>
                </options>
              </optionset>
              <displaynames>
                <displayname description="AH Category" languagecode="1033" />
              </displaynames>
              <Descriptions>
                <Description description="" languagecode="1033" />
              </Descriptions>
            </attribute>
            <attribute PhysicalName="ModifiedBy">
              <Type>lookup</Type>
              <Name>modifiedby</Name>
              <LogicalName>modifiedby</LogicalName>
              <RequiredLevel>none</RequiredLevel>
              <DisplayMask>ValidForAdvancedFind|ValidForForm|ValidForGrid</DisplayMask>
              <ImeMode>auto</ImeMode>
              <ValidForUpdateApi>0</ValidForUpdateApi>
              <ValidForReadApi>1</ValidForReadApi>
              <ValidForCreateApi>0</ValidForCreateApi>
              <IsCustomField>0</IsCustomField>
              <IsAuditEnabled>0</IsAuditEnabled>
              <IsSecured>0</IsSecured>
              <IntroducedVersion>1.0.0.0</IntroducedVersion>
              <IsCustomizable>1</IsCustomizable>
              <IsRenameable>1</IsRenameable>
              <CanModifySearchSettings>1</CanModifySearchSettings>
              <CanModifyRequirementLevelSettings>1</CanModifyRequirementLevelSettings>
              <CanModifyAdditionalSettings>1</CanModifyAdditionalSettings>
              <SourceType>0</SourceType>
              <IsGlobalFilterEnabled>0</IsGlobalFilterEnabled>
              <IsSortableEnabled>0</IsSortableEnabled>
              <CanModifyGlobalFilterSettings>1</CanModifyGlobalFilterSettings>
              <CanModifyIsSortableSettings>1</CanModifyIsSortableSettings>
              <IsDataSourceSecret>0</IsDataSourceSecret>
              <AutoNumberFormat></AutoNumberFormat>
              <IsSearchable>0</IsSearchable>
              <IsFilterable>0</IsFilterable>
              <IsRetrievable>0</IsRetrievable>
              <IsLocalizable>0</IsLocalizable>
              <LookupStyle>single</LookupStyle>
              <LookupTypes />
              <displaynames>
                <displayname description="Modified By" languagecode="1033" />
              </displaynames>
              <Descriptions>
                <Description description="Unique identifier of the user who modified the record." languagecode="1033" />
              </Descriptions>
            </attribute>
            <attribute PhysicalName="ModifiedOnBehalfBy">
              <Type>lookup</Type>
              <Name>modifiedonbehalfby</Name>
              <LogicalName>modifiedonbehalfby</LogicalName>
              <RequiredLevel>none</RequiredLevel>
              <DisplayMask>ValidForAdvancedFind|ValidForForm|ValidForGrid</DisplayMask>
              <ImeMode>auto</ImeMode>
              <ValidForUpdateApi>0</ValidForUpdateApi>
              <ValidForReadApi>1</ValidForReadApi>
              <ValidForCreateApi>0</ValidForCreateApi>
              <IsCustomField>0</IsCustomField>
              <IsAuditEnabled>0</IsAuditEnabled>
              <IsSecured>0</IsSecured>
              <IntroducedVersion>1.0.0.0</IntroducedVersion>
              <IsCustomizable>1</IsCustomizable>
              <IsRenameable>1</IsRenameable>
              <CanModifySearchSettings>1</CanModifySearchSettings>
              <CanModifyRequirementLevelSettings>1</CanModifyRequirementLevelSettings>
              <CanModifyAdditionalSettings>1</CanModifyAdditionalSettings>
              <SourceType>0</SourceType>
              <IsGlobalFilterEnabled>0</IsGlobalFilterEnabled>
              <IsSortableEnabled>0</IsSortableEnabled>
              <CanModifyGlobalFilterSettings>1</CanModifyGlobalFilterSettings>
              <CanModifyIsSortableSettings>1</CanModifyIsSortableSettings>
              <IsDataSourceSecret>0</IsDataSourceSecret>
              <AutoNumberFormat></AutoNumberFormat>
              <IsSearchable>0</IsSearchable>
              <IsFilterable>0</IsFilterable>
              <IsRetrievable>0</IsRetrievable>
              <IsLocalizable>0</IsLocalizable>
              <LookupStyle>single</LookupStyle>
              <LookupTypes />
              <displaynames>
                <displayname description="Modified By (Delegate)" languagecode="1033" />
              </displaynames>
              <Descriptions>
                <Description description="Unique identifier of the delegate user who modified the record." languagecode="1033" />
              </Descriptions>
            </attribute>
            <attribute PhysicalName="OwnerId">
              <Type>owner</Type>
              <Name>ownerid</Name>
              <LogicalName>ownerid</LogicalName>
              <RequiredLevel>systemrequired</RequiredLevel>
              <DisplayMask>ValidForAdvancedFind|ValidForForm|ValidForGrid|RequiredForForm</DisplayMask>
              <ImeMode>auto</ImeMode>
              <ValidForUpdateApi>1</ValidForUpdateApi>
              <ValidForReadApi>1</ValidForReadApi>
              <ValidForCreateApi>1</ValidForCreateApi>
              <IsCustomField>0</IsCustomField>
              <IsAuditEnabled>1</IsAuditEnabled>
              <IsSecured>0</IsSecured>
              <IntroducedVersion>1.0.0.0</IntroducedVersion>
              <IsCustomizable>1</IsCustomizable>
              <IsRenameable>1</IsRenameable>
              <CanModifySearchSettings>1</CanModifySearchSettings>
              <CanModifyRequirementLevelSettings>1</CanModifyRequirementLevelSettings>
              <CanModifyAdditionalSettings>1</CanModifyAdditionalSettings>
              <SourceType>0</SourceType>
              <IsGlobalFilterEnabled>0</IsGlobalFilterEnabled>
              <IsSortableEnabled>0</IsSortableEnabled>
              <CanModifyGlobalFilterSettings>1</CanModifyGlobalFilterSettings>
              <CanModifyIsSortableSettings>1</CanModifyIsSortableSettings>
              <IsDataSourceSecret>0</IsDataSourceSecret>
              <AutoNumberFormat></AutoNumberFormat>
              <IsSearchable>0</IsSearchable>
              <IsFilterable>1</IsFilterable>
              <IsRetrievable>0</IsRetrievable>
              <IsLocalizable>0</IsLocalizable>
              <LookupStyle>single</LookupStyle>
              <LookupTypes>
                <LookupType id="00000000-0000-0000-0000-000000000000">8</LookupType>
                <LookupType id="00000000-0000-0000-0000-000000000000">9</LookupType>
              </LookupTypes>
              <displaynames>
                <displayname description="Owner" languagecode="1033" />
              </displaynames>
              <Descriptions>
                <Description description="Owner Id" languagecode="1033" />
              </Descriptions>
            </attribute>
            <attribute PhysicalName="OwningBusinessUnit">
              <Type>lookup</Type>
              <Name>owningbusinessunit</Name>
              <LogicalName>owningbusinessunit</LogicalName>
              <RequiredLevel>none</RequiredLevel>
              <DisplayMask>ValidForAdvancedFind|ValidForForm|ValidForGrid</DisplayMask>
              <ImeMode>auto</ImeMode>
              <ValidForUpdateApi>0</ValidForUpdateApi>
              <ValidForReadApi>1</ValidForReadApi>
              <ValidForCreateApi>0</ValidForCreateApi>
              <IsCustomField>0</IsCustomField>
              <IsAuditEnabled>1</IsAuditEnabled>
              <IsSecured>0</IsSecured>
              <IntroducedVersion>1.0.0.0</IntroducedVersion>
              <IsCustomizable>1</IsCustomizable>
              <IsRenameable>1</IsRenameable>
              <CanModifySearchSettings>1</CanModifySearchSettings>
              <CanModifyRequirementLevelSettings>1</CanModifyRequirementLevelSettings>
              <CanModifyAdditionalSettings>1</CanModifyAdditionalSettings>
              <SourceType>0</SourceType>
              <IsGlobalFilterEnabled>0</IsGlobalFilterEnabled>
              <IsSortableEnabled>0</IsSortableEnabled>
              <CanModifyGlobalFilterSettings>1</CanModifyGlobalFilterSettings>
              <CanModifyIsSortableSettings>1</CanModifyIsSortableSettings>
              <IsDataSourceSecret>0</IsDataSourceSecret>
              <AutoNumberFormat></AutoNumberFormat>
              <IsSearchable>0</IsSearchable>
              <IsFilterable>1</IsFilterable>
              <IsRetrievable>0</IsRetrievable>
              <IsLocalizable>0</IsLocalizable>
              <LookupStyle>single</LookupStyle>
              <LookupTypes />
              <displaynames>
                <displayname description="Owning Business Unit" languagecode="1033" />
              </displaynames>
              <Descriptions>
                <Description description="Unique identifier for the business unit that owns the record" languagecode="1033" />
              </Descriptions>
            </attribute>
            <attribute PhysicalName="OwningTeam">
              <Type>lookup</Type>
              <Name>owningteam</Name>
              <LogicalName>owningteam</LogicalName>
              <RequiredLevel>none</RequiredLevel>
              <ImeMode>auto</ImeMode>
              <ValidForUpdateApi>0</ValidForUpdateApi>
              <ValidForReadApi>1</ValidForReadApi>
              <ValidForCreateApi>0</ValidForCreateApi>
              <IsCustomField>0</IsCustomField>
              <IsAuditEnabled>0</IsAuditEnabled>
              <IsLogical>1</IsLogical>
              <IsSecured>0</IsSecured>
              <IntroducedVersion>1.0.0.0</IntroducedVersion>
              <IsCustomizable>1</IsCustomizable>
              <IsRenameable>1</IsRenameable>
              <CanModifySearchSettings>1</CanModifySearchSettings>
              <CanModifyRequirementLevelSettings>1</CanModifyRequirementLevelSettings>
              <CanModifyAdditionalSettings>1</CanModifyAdditionalSettings>
              <SourceType>0</SourceType>
              <IsGlobalFilterEnabled>0</IsGlobalFilterEnabled>
              <IsSortableEnabled>0</IsSortableEnabled>
              <CanModifyGlobalFilterSettings>1</CanModifyGlobalFilterSettings>
              <CanModifyIsSortableSettings>1</CanModifyIsSortableSettings>
              <IsDataSourceSecret>0</IsDataSourceSecret>
              <AutoNumberFormat></AutoNumberFormat>
              <IsSearchable>0</IsSearchable>
              <IsFilterable>0</IsFilterable>
              <IsRetrievable>0</IsRetrievable>
              <IsLocalizable>0</IsLocalizable>
              <LookupStyle>single</LookupStyle>
              <LookupTypes />
              <displaynames>
                <displayname description="Owning Team" languagecode="1033" />
              </displaynames>
              <Descriptions>
                <Description description="Unique identifier for the team that owns the record." languagecode="1033" />
              </Descriptions>
            </attribute>
            <attribute PhysicalName="OwningUser">
              <Type>lookup</Type>
              <Name>owninguser</Name>
              <LogicalName>owninguser</LogicalName>
              <RequiredLevel>none</RequiredLevel>
              <ImeMode>auto</ImeMode>
              <ValidForUpdateApi>0</ValidForUpdateApi>
              <ValidForReadApi>1</ValidForReadApi>
              <ValidForCreateApi>0</ValidForCreateApi>
              <IsCustomField>0</IsCustomField>
              <IsAuditEnabled>0</IsAuditEnabled>
              <IsLogical>1</IsLogical>
              <IsSecured>0</IsSecured>
              <IntroducedVersion>1.0.0.0</IntroducedVersion>
              <IsCustomizable>1</IsCustomizable>
              <IsRenameable>1</IsRenameable>
              <CanModifySearchSettings>1</CanModifySearchSettings>
              <CanModifyRequirementLevelSettings>1</CanModifyRequirementLevelSettings>
              <CanModifyAdditionalSettings>1</CanModifyAdditionalSettings>
              <SourceType>0</SourceType>
              <IsGlobalFilterEnabled>0</IsGlobalFilterEnabled>
              <IsSortableEnabled>0</IsSortableEnabled>
              <CanModifyGlobalFilterSettings>1</CanModifyGlobalFilterSettings>
              <CanModifyIsSortableSettings>1</CanModifyIsSortableSettings>
              <IsDataSourceSecret>0</IsDataSourceSecret>
              <AutoNumberFormat></AutoNumberFormat>
              <IsSearchable>0</IsSearchable>
              <IsFilterable>0</IsFilterable>
              <IsRetrievable>0</IsRetrievable>
              <IsLocalizable>0</IsLocalizable>
              <LookupStyle>single</LookupStyle>
              <LookupTypes />
              <displaynames>
                <displayname description="Owning User" languagecode="1033" />
              </displaynames>
              <Descriptions>
                <Description description="Unique identifier for the user that owns the record." languagecode="1033" />
              </Descriptions>
            </attribute>
          </attributes>
          <EntitySetName>mspcat_applicationses</EntitySetName>
          <IsDuplicateCheckSupported>1</IsDuplicateCheckSupported>
          <IsBusinessProcessEnabled>0</IsBusinessProcessEnabled>
          <IsRequiredOffline>0</IsRequiredOffline>
          <IsInteractionCentricEnabled>0</IsInteractionCentricEnabled>
          <IsCollaboration>0</IsCollaboration>
          <AutoRouteToOwnerQueue>0</AutoRouteToOwnerQueue>
          <IsConnectionsEnabled>1</IsConnectionsEnabled>
          <EntityColor>#660099</EntityColor>
          <IsDocumentManagementEnabled>0</IsDocumentManagementEnabled>
          <AutoCreateAccessTeams>0</AutoCreateAccessTeams>
          <IsOneNoteIntegrationEnabled>0</IsOneNoteIntegrationEnabled>
          <IsKnowledgeManagementEnabled>0</IsKnowledgeManagementEnabled>
          <IsSLAEnabled>0</IsSLAEnabled>
          <IsDocumentRecommendationsEnabled>0</IsDocumentRecommendationsEnabled>
          <IsBPFEntity>0</IsBPFEntity>
          <OwnershipTypeMask>UserOwned</OwnershipTypeMask>
          <EntityMask>ActivityPointer</EntityMask>
          <IsAuditEnabled>1</IsAuditEnabled>
          <IsRetrieveAuditEnabled>0</IsRetrieveAuditEnabled>
          <IsRetrieveMultipleAuditEnabled>0</IsRetrieveMultipleAuditEnabled>
          <IsActivity>0</IsActivity>
          <ActivityTypeMask></ActivityTypeMask>
          <IsActivityParty>0</IsActivityParty>
          <IsReplicated>0</IsReplicated>
          <IsReplicationUserFiltered>0</IsReplicationUserFiltered>
          <IsMailMergeEnabled>1</IsMailMergeEnabled>
          <IsVisibleInMobile>1</IsVisibleInMobile>
          <IsVisibleInMobileClient>1</IsVisibleInMobileClient>
          <IsReadOnlyInMobileClient>0</IsReadOnlyInMobileClient>
          <IsOfflineInMobileClient>0</IsOfflineInMobileClient>
          <DaysSinceRecordLastModified>0</DaysSinceRecordLastModified>
          <MobileOfflineFilters></MobileOfflineFilters>
          <IsMapiGridEnabled>1</IsMapiGridEnabled>
          <IsReadingPaneEnabled>1</IsReadingPaneEnabled>
          <IsQuickCreateEnabled>0</IsQuickCreateEnabled>
          <SyncToExternalSearchIndex>1</SyncToExternalSearchIndex>
          <IntroducedVersion>1.0.0.0</IntroducedVersion>
          <IconMediumName>mspcat_/White_32x32/Application_32</IconMediumName>
          <IconSmallName>mspcat_/Grey_16x16/Application_16</IconSmallName>
          <IconVectorName>mspcat_/Black_svg/Application_Back.svg</IconVectorName>
          <EnforceStateTransitions>0</EnforceStateTransitions>
          <EntityHelpUrlEnabled>0</EntityHelpUrlEnabled>
          <EntityHelpUrl></EntityHelpUrl>
          <ChangeTrackingEnabled>1</ChangeTrackingEnabled>
          <IsEnabledForExternalChannels>0</IsEnabledForExternalChannels>
          <IsMSTeamsIntegrationEnabled>0</IsMSTeamsIntegrationEnabled>
          <IsSolutionAware>0</IsSolutionAware>
          <HasRelatedNotes>True</HasRelatedNotes>
          <HasRelatedFeedback>True</HasRelatedFeedback>
          <HasRelatedActivities>True</HasRelatedActivities>
        </entity>
      </EntityInfo>
      <FormXml>
        <forms type="main">
          <systemform>
            <formid>{5ef04fd7-ab64-473f-87cf-94b847bd6615}</formid>
            <IntroducedVersion>1.0.0.0</IntroducedVersion>
            <FormPresentation>1</FormPresentation>
            <FormActivationState>1</FormActivationState>
            <form headerdensity="HighWithControls">
              <tabs>
                <tab verticallayout="true" id="{ab1846ac-5ddc-4c1e-a0dd-e00227a2adbb}" IsUserDefined="1" name="{ab1846ac-5ddc-4c1e-a0dd-e00227a2adbb}" locklevel="0" expanded="true" showlabel="true" ordinalvalue="0">
                  <columns>
                    <column width="50%" id="0">
                      <sections>
                        <section name="PostInstallSettings" id="7629a489-057a-4018-a94a-ea3fb3b329c3" IsUserDefined="0" locklevel="0" showlabel="true" showbar="false" layout="varwidth" celllabelalignment="Left" celllabelposition="Left" columns="1" labelwidth="115" ordinalvalue="1">
                          <rows>
                            <row>
                              <cell id="{8b69c62c-ffd8-4440-a1c0-c2226e292539}" locklevel="0" colspan="1" rowspan="1" ordinalvalue="10000">
                                <labels>
                                  <label description="Component Logical Name" languagecode="1033" solutionaction="Modified" />
                                </labels>
                              </cell>
                            </row>
                            <row>
                              <cell id="{239d2799-37b7-49a4-a599-f0dac6f01fb5}" locklevel="0" colspan="1" rowspan="1" ordinalvalue="10001">
                                <labels>
                                  <label description="Post Install Operation Type" languagecode="1033" solutionaction="Modified" />
                                </labels>
                              </cell>
                            </row>
                            <row>
                              <cell id="{5774f687-8503-445a-9b4c-99d48d42c31f}" locklevel="0" colspan="1" rowspan="1" ordinalvalue="10002">
                                <labels>
                                  <label description="Supported Application Types" languagecode="1033" solutionaction="Modified" />
                                </labels>
                              </cell>
                            </row>
                            <row>
                              <cell id="{87725e1a-2f0c-436a-98d7-656098f0c8ef}" locklevel="0" colspan="1" rowspan="1" ordinalvalue="10003">
                                <labels>
                                  <label description="Target Studio Type" languagecode="1033" solutionaction="Modified" />
                                </labels>
                              </cell>
                            </row>
                          </rows>
                        </section>
                      </sections>
                    </column>
                  </columns>
                </tab>
                <tab name="tab_2" id="0b34b9b9-5320-4000-943e-564b8bc30326" IsUserDefined="0" locklevel="0" showlabel="true" ordinalvalue="2" solutionaction="Modified" />
                <tab name="Install_History" id="2e9b4cc2-a015-4d5d-b4fb-b590ee5429d9" IsUserDefined="0" locklevel="0" showlabel="true" contenttype="singleComponent" ordinalvalue="3" solutionaction="Modified" />
                <tab name="tab_4" id="ad073b66-6311-4f2e-97d5-c44ba69a4260" IsUserDefined="0" locklevel="0" showlabel="true" ordinalvalue="1" solutionaction="Added">
                  <labels>
                    <label description="AH Metadata" languagecode="1033" />
                  </labels>
                  <columns>
                    <column width="100%" id="0">
                      <sections>
                        <section name="tab_4_section_1" id="1e738115-770f-4a28-8800-04e76f37710c" IsUserDefined="0" locklevel="0" showlabel="false" showbar="false" layout="varwidth" celllabelalignment="Left" celllabelposition="Left" columns="11" labelwidth="115" ordinalvalue="0">
                          <labels>
                            <label description="New Section" languagecode="1033" />
                          </labels>
                          <rows>
                            <row>
                              <cell locklevel="0" id="{f749d157-4ea5-4814-92d1-b85265a84dd5}" ordinalvalue="10000">
                                <labels>
                                  <label description="" languagecode="1033" />
                                </labels>
                              </cell>
                              <cell locklevel="0" id="{30030eff-3d9a-49ec-b092-079b192ba2b3}" ordinalvalue="20001">
                                <labels>
                                  <label description="" languagecode="1033" />
                                </labels>
                              </cell>
                            </row>
                            <row>
                              <cell id="{cb072cfc-5dc1-4601-8f43-fc4370c00ad7}" locklevel="0" colspan="1" rowspan="1" ordinalvalue="10002">
                                <labels>
                                  <label description="Is Featured" languagecode="1033" />
                                </labels>
                                <control id="cr74e_isfeatured" classid="{67FAC785-CD58-4F9F-ABB3-4B7DDC6ED5ED}" datafieldname="cr74e_isfeatured" disabled="false" />
                              </cell>
                              <cell locklevel="0" id="{51d2515d-c5fa-432b-9242-2cd42ece40b7}" ordinalvalue="20003">
                                <labels>
                                  <label description="" languagecode="1033" />
                                </labels>
                              </cell>
                            </row>
                            <row>
                              <cell id="{2f3d18c5-ff16-47fd-814b-561913e16eef}" locklevel="0" colspan="1" rowspan="1" ordinalvalue="10004">
                                <labels>
                                  <label description="Category" languagecode="1033" />
                                </labels>
                                <control id="daw_ahcategories" classid="{3EF39988-22BB-4F0B-BBBE-64B5A3748AEE}" datafieldname="daw_ahcategories" disabled="false" />
                              </cell>
                              <cell locklevel="0" id="{88b0a00a-12d7-41f6-b2e4-6666297d7f52}" ordinalvalue="20005">
                                <labels>
                                  <label description="" languagecode="1033" />
                                </labels>
                              </cell>
                            </row>
                            <row>
                              <cell id="{0c3466e4-8cad-42d3-9f97-6a2edae6c78a}" locklevel="0" colspan="1" rowspan="1" ordinalvalue="10006">
                                <labels>
                                  <label description="Time Saving Type" languagecode="1033" />
                                </labels>
                                <control id="cr74e_timesavingtype" classid="{3EF39988-22BB-4F0B-BBBE-64B5A3748AEE}" datafieldname="cr74e_timesavingtype" disabled="false" />
                              </cell>
                              <cell locklevel="0" id="{cd66f31a-d9f3-4039-899a-b04209ec07db}" ordinalvalue="20007">
                                <labels>
                                  <label description="" languagecode="1033" />
                                </labels>
                              </cell>
                            </row>
                            <row>
                              <cell id="{6ce64ac0-57af-4c0d-b51a-fc5a5b08bf10}" locklevel="0" colspan="1" rowspan="1" ordinalvalue="10008">
                                <labels>
                                  <label description="Time Saving Unit" languagecode="1033" />
                                </labels>
                                <control id="cr74e_timesavingunit" classid="{3EF39988-22BB-4F0B-BBBE-64B5A3748AEE}" datafieldname="cr74e_timesavingunit" disabled="false" />
                              </cell>
                              <cell locklevel="0" id="{ce2b9a3b-9fae-45c2-851e-5feae913b9e9}" ordinalvalue="20009">
                                <labels>
                                  <label description="" languagecode="1033" />
                                </labels>
                              </cell>
                            </row>
                            <row>
                              <cell id="{00e89689-1913-4460-90f0-f59288b53be8}" locklevel="0" colspan="1" rowspan="1" ordinalvalue="10010">
                                <labels>
                                  <label description="Time Saving Value" languagecode="1033" />
                                </labels>
                                <control id="cr74e_timesavingvalue" classid="{C3EFE0C3-0EC6-42BE-8349-CBD9079DFD8E}" datafieldname="cr74e_timesavingvalue" disabled="false" />
                              </cell>
                              <cell locklevel="0" id="{e2c541df-389e-4301-bab6-05f1020033bc}" ordinalvalue="20011">
                                <labels>
                                  <label description="" languagecode="1033" />
                                </labels>
                              </cell>
                            </row>
                          </rows>
                        </section>
                      </sections>
                    </column>
                  </columns>
                </tab>
              </tabs>
            </form>
            <LocalizedNames>
              <LocalizedName description="Catalog Item Information" languagecode="1033" />
            </LocalizedNames>
            <Descriptions>
              <Description description="Catalog Item detail form" languagecode="1033" />
            </Descriptions>
          </systemform>
        </forms>
      </FormXml>
      <RibbonDiffXml>
        <CustomActions />
        <Templates>
          <RibbonTemplates Id="Mscrm.Templates"></RibbonTemplates>
        </Templates>
        <CommandDefinitions />
        <RuleDefinitions>
          <TabDisplayRules />
          <DisplayRules />
          <EnableRules />
        </RuleDefinitions>
        <LocLabels />
      </RibbonDiffXml>
    </Entity>
  </Entities>
  <Roles></Roles>
  <Workflows></Workflows>
  <FieldSecurityProfiles></FieldSecurityProfiles>
  <Templates />
  <EntityMaps />
  <EntityRelationships>
    <EntityRelationship Name="business_unit_mspcat_applications">
      <EntityRelationshipType>OneToMany</EntityRelationshipType>
      <IsCustomizable>1</IsCustomizable>
      <IntroducedVersion>1.0.0.0</IntroducedVersion>
      <IsHierarchical>0</IsHierarchical>
      <ReferencingEntityName>mspcat_applications</ReferencingEntityName>
      <ReferencedEntityName>BusinessUnit</ReferencedEntityName>
      <CascadeAssign>NoCascade</CascadeAssign>
      <CascadeDelete>Restrict</CascadeDelete>
      <CascadeArchive>Restrict</CascadeArchive>
      <CascadeReparent>NoCascade</CascadeReparent>
      <CascadeShare>NoCascade</CascadeShare>
      <CascadeUnshare>NoCascade</CascadeUnshare>
      <ReferencingAttributeName>OwningBusinessUnit</ReferencingAttributeName>
      <RelationshipDescription>
        <Descriptions>
          <Description description="Unique identifier for the business unit that owns the record" languagecode="1033" />
        </Descriptions>
      </RelationshipDescription>
    </EntityRelationship>
    <EntityRelationship Name="lk_mspcat_applications_createdby">
      <EntityRelationshipType>OneToMany</EntityRelationshipType>
      <IsCustomizable>1</IsCustomizable>
      <IntroducedVersion>1.0.0.0</IntroducedVersion>
      <IsHierarchical>0</IsHierarchical>
      <ReferencingEntityName>mspcat_applications</ReferencingEntityName>
      <ReferencedEntityName>SystemUser</ReferencedEntityName>
      <CascadeAssign>NoCascade</CascadeAssign>
      <CascadeDelete>NoCascade</CascadeDelete>
      <CascadeArchive>NoCascade</CascadeArchive>
      <CascadeReparent>NoCascade</CascadeReparent>
      <CascadeShare>NoCascade</CascadeShare>
      <CascadeUnshare>NoCascade</CascadeUnshare>
      <ReferencingAttributeName>CreatedBy</ReferencingAttributeName>
      <RelationshipDescription>
        <Descriptions>
          <Description description="Unique identifier of the user who created the record." languagecode="1033" />
        </Descriptions>
      </RelationshipDescription>
    </EntityRelationship>
    <EntityRelationship Name="lk_mspcat_applications_modifiedby">
      <EntityRelationshipType>OneToMany</EntityRelationshipType>
      <IsCustomizable>1</IsCustomizable>
      <IntroducedVersion>1.0.0.0</IntroducedVersion>
      <IsHierarchical>0</IsHierarchical>
      <ReferencingEntityName>mspcat_applications</ReferencingEntityName>
      <ReferencedEntityName>SystemUser</ReferencedEntityName>
      <CascadeAssign>NoCascade</CascadeAssign>
      <CascadeDelete>NoCascade</CascadeDelete>
      <CascadeArchive>NoCascade</CascadeArchive>
      <CascadeReparent>NoCascade</CascadeReparent>
      <CascadeShare>NoCascade</CascadeShare>
      <CascadeUnshare>NoCascade</CascadeUnshare>
      <ReferencingAttributeName>ModifiedBy</ReferencingAttributeName>
      <RelationshipDescription>
        <Descriptions>
          <Description description="Unique identifier of the user who modified the record." languagecode="1033" />
        </Descriptions>
      </RelationshipDescription>
    </EntityRelationship>
    <EntityRelationship Name="mspcat_app_policy_reln">
      <EntityRelationshipType>ManyToMany</EntityRelationshipType>
      <IntroducedVersion>1.0.0.49</IntroducedVersion>
      <IsHierarchical>0</IsHierarchical>
      <FirstEntityName>mspcat_staticanalysispolicy</FirstEntityName>
      <SecondEntityName>mspcat_applications</SecondEntityName>
      <IntersectEntityName>mspcat_app_policy_reln_entity</IntersectEntityName>
      <IsValidForAdvancedFind>1</IsValidForAdvancedFind>
      <EntityRelationshipRoles>
        <EntityRelationshipRole>
          <NavPaneDisplayOption>DoNotDisplay</NavPaneDisplayOption>
          <NavigationPropertyName>mspcat_app_policy_reln</NavigationPropertyName>
          <AssociationRoleOrdinal>1</AssociationRoleOrdinal>
        </EntityRelationshipRole>
        <EntityRelationshipRole>
          <NavPaneDisplayOption>DoNotDisplay</NavPaneDisplayOption>
          <NavigationPropertyName>mspcat_app_policy_reln</NavigationPropertyName>
          <AssociationRoleOrdinal>2</AssociationRoleOrdinal>
        </EntityRelationshipRole>
      </EntityRelationshipRoles>
    </EntityRelationship>
    <EntityRelationship Name="mspcat_contact_mspcat_applications">
      <EntityRelationshipType>ManyToMany</EntityRelationshipType>
      <IntroducedVersion>1.0.0.0</IntroducedVersion>
      <IsHierarchical>0</IsHierarchical>
      <FirstEntityName>Contact</FirstEntityName>
      <SecondEntityName>mspcat_applications</SecondEntityName>
      <IntersectEntityName>mspcat_contact_mspcat_applications</IntersectEntityName>
      <IsValidForAdvancedFind>1</IsValidForAdvancedFind>
      <EntityRelationshipRoles>
        <EntityRelationshipRole>
          <NavPaneDisplayOption>DoNotDisplay</NavPaneDisplayOption>
          <NavigationPropertyName>mspcat_contact_mspcat_applications</NavigationPropertyName>
          <CustomLabels>
            <CustomLabel description="" languagecode="1033" />
          </CustomLabels>
          <AssociationRoleOrdinal>1</AssociationRoleOrdinal>
        </EntityRelationshipRole>
        <EntityRelationshipRole>
          <NavPaneDisplayOption>DoNotDisplay</NavPaneDisplayOption>
          <NavigationPropertyName>mspcat_contact_mspcat_applications</NavigationPropertyName>
          <CustomLabels>
            <CustomLabel description="" languagecode="1033" />
          </CustomLabels>
          <AssociationRoleOrdinal>2</AssociationRoleOrdinal>
        </EntityRelationshipRole>
      </EntityRelationshipRoles>
    </EntityRelationship>
    <EntityRelationship Name="mspcat_contact_mspcat_applications_EngineeringContact">
      <EntityRelationshipType>OneToMany</EntityRelationshipType>
      <IntroducedVersion>1.0.0.0</IntroducedVersion>
      <IsHierarchical>0</IsHierarchical>
      <ReferencingEntityName>mspcat_applications</ReferencingEntityName>
      <ReferencedEntityName>Contact</ReferencedEntityName>
      <CascadeAssign>NoCascade</CascadeAssign>
      <CascadeDelete>RemoveLink</CascadeDelete>
      <CascadeArchive>NoCascade</CascadeArchive>
      <CascadeReparent>NoCascade</CascadeReparent>
      <CascadeShare>NoCascade</CascadeShare>
      <CascadeUnshare>NoCascade</CascadeUnshare>
      <CascadeRollupView>NoCascade</CascadeRollupView>
      <IsValidForAdvancedFind>1</IsValidForAdvancedFind>
      <ReferencingAttributeName>mspcat_EngineeringContact</ReferencingAttributeName>
      <RelationshipDescription>
        <Descriptions>
          <Description description="This will be the engineering contact used to by the approval team to communicate with the publisher." languagecode="1033" />
        </Descriptions>
      </RelationshipDescription>
      <EntityRelationshipRoles>
        <EntityRelationshipRole>
          <NavPaneDisplayOption>UseCollectionName</NavPaneDisplayOption>
          <NavPaneArea>Details</NavPaneArea>
          <NavPaneOrder>10000</NavPaneOrder>
          <NavigationPropertyName>mspcat_EngineeringContact</NavigationPropertyName>
          <CustomLabels>
            <CustomLabel description="" languagecode="1033" />
          </CustomLabels>
          <RelationshipRoleType>1</RelationshipRoleType>
        </EntityRelationshipRole>
        <EntityRelationshipRole>
          <RelationshipRoleType>0</RelationshipRoleType>
        </EntityRelationshipRole>
      </EntityRelationshipRoles>
    </EntityRelationship>
    <EntityRelationship Name="mspcat_contact_mspcat_applications_SupportContact">
      <EntityRelationshipType>OneToMany</EntityRelationshipType>
      <IntroducedVersion>1.0.0.0</IntroducedVersion>
      <IsHierarchical>0</IsHierarchical>
      <ReferencingEntityName>mspcat_applications</ReferencingEntityName>
      <ReferencedEntityName>Contact</ReferencedEntityName>
      <CascadeAssign>NoCascade</CascadeAssign>
      <CascadeDelete>RemoveLink</CascadeDelete>
      <CascadeArchive>NoCascade</CascadeArchive>
      <CascadeReparent>NoCascade</CascadeReparent>
      <CascadeShare>NoCascade</CascadeShare>
      <CascadeUnshare>NoCascade</CascadeUnshare>
      <CascadeRollupView>NoCascade</CascadeRollupView>
      <IsValidForAdvancedFind>1</IsValidForAdvancedFind>
      <ReferencingAttributeName>mspcat_SupportContact</ReferencingAttributeName>
      <RelationshipDescription>
        <Descriptions>
          <Description description="This refers to the support user contact" languagecode="1033" />
        </Descriptions>
      </RelationshipDescription>
      <EntityRelationshipRoles>
        <EntityRelationshipRole>
          <NavPaneDisplayOption>UseCollectionName</NavPaneDisplayOption>
          <NavPaneArea>Details</NavPaneArea>
          <NavPaneOrder>10000</NavPaneOrder>
          <NavigationPropertyName>mspcat_SupportContact</NavigationPropertyName>
          <CustomLabels>
            <CustomLabel description="" languagecode="1033" />
          </CustomLabels>
          <RelationshipRoleType>1</RelationshipRoleType>
        </EntityRelationshipRole>
        <EntityRelationshipRole>
          <RelationshipRoleType>0</RelationshipRoleType>
        </EntityRelationshipRole>
      </EntityRelationshipRoles>
    </EntityRelationship>
    <EntityRelationship Name="mspcat_mspcat_app_autoapproved_geo">
      <EntityRelationshipType>ManyToMany</EntityRelationshipType>
      <IntroducedVersion>1.1.0.1</IntroducedVersion>
      <IsHierarchical>0</IsHierarchical>
      <FirstEntityName>mspcat_applications</FirstEntityName>
      <SecondEntityName>mspcat_crmgeo</SecondEntityName>
      <IntersectEntityName>mspcat_mspcat_app_autoapproved_geo_reln</IntersectEntityName>
      <IsValidForAdvancedFind>1</IsValidForAdvancedFind>
      <EntityRelationshipRoles>
        <EntityRelationshipRole>
          <NavPaneDisplayOption>UseLabel</NavPaneDisplayOption>
          <NavPaneArea>Details</NavPaneArea>
          <NavPaneOrder>10000</NavPaneOrder>
          <NavigationPropertyName>mspcat_mspcat_app_autoapproved_geo</NavigationPropertyName>
          <CustomLabels>
            <CustomLabel description="Auto-approved apps" languagecode="1033" />
          </CustomLabels>
          <AssociationRoleOrdinal>1</AssociationRoleOrdinal>
        </EntityRelationshipRole>
        <EntityRelationshipRole>
          <NavPaneDisplayOption>UseLabel</NavPaneDisplayOption>
          <NavPaneArea>Details</NavPaneArea>
          <NavPaneOrder>10000</NavPaneOrder>
          <NavigationPropertyName>mspcat_mspcat_app_autoapproved_geo</NavigationPropertyName>
          <CustomLabels>
            <CustomLabel description="Auto-approved GEOs" languagecode="1033" />
          </CustomLabels>
          <AssociationRoleOrdinal>2</AssociationRoleOrdinal>
        </EntityRelationshipRole>
      </EntityRelationshipRoles>
    </EntityRelationship>
    <EntityRelationship Name="mspcat_mspcat_applications_applicationitemcrossr">
      <EntityRelationshipType>OneToMany</EntityRelationshipType>
      <IntroducedVersion>1.0.0.2</IntroducedVersion>
      <IsHierarchical>0</IsHierarchical>
      <ReferencingEntityName>mspcat_applications</ReferencingEntityName>
      <ReferencedEntityName>mspcat_applicationreference</ReferencedEntityName>
      <CascadeAssign>NoCascade</CascadeAssign>
      <CascadeDelete>RemoveLink</CascadeDelete>
      <CascadeArchive>RemoveLink</CascadeArchive>
      <CascadeReparent>NoCascade</CascadeReparent>
      <CascadeShare>NoCascade</CascadeShare>
      <CascadeUnshare>NoCascade</CascadeUnshare>
      <CascadeRollupView>NoCascade</CascadeRollupView>
      <IsValidForAdvancedFind>1</IsValidForAdvancedFind>
      <ReferencingAttributeName>mspcat_applicationitemcrossreferance</ReferencingAttributeName>
      <RelationshipDescription>
        <Descriptions>
          <Description description="Relates to cross-reference table for application items, allows for a Id to item revision lookup" languagecode="1033" />
        </Descriptions>
      </RelationshipDescription>
      <EntityRelationshipRoles>
        <EntityRelationshipRole>
          <NavPaneDisplayOption>UseCollectionName</NavPaneDisplayOption>
          <NavPaneArea>Details</NavPaneArea>
          <NavPaneOrder>10000</NavPaneOrder>
          <NavigationPropertyName>mspcat_applicationitemcrossreferance</NavigationPropertyName>
          <RelationshipRoleType>1</RelationshipRoleType>
        </EntityRelationshipRole>
        <EntityRelationshipRole>
          <RelationshipRoleType>0</RelationshipRoleType>
        </EntityRelationshipRole>
      </EntityRelationshipRoles>
    </EntityRelationship>
    <EntityRelationship Name="mspcat_mspcat_applications_PackageAsset_mspcat_p">
      <EntityRelationshipType>OneToMany</EntityRelationshipType>
      <IntroducedVersion>1.0.0.15</IntroducedVersion>
      <IsHierarchical>0</IsHierarchical>
      <ReferencingEntityName>mspcat_applications</ReferencingEntityName>
      <ReferencedEntityName>mspcat_packages</ReferencedEntityName>
      <CascadeAssign>NoCascade</CascadeAssign>
      <CascadeDelete>RemoveLink</CascadeDelete>
      <CascadeArchive>RemoveLink</CascadeArchive>
      <CascadeReparent>NoCascade</CascadeReparent>
      <CascadeShare>NoCascade</CascadeShare>
      <CascadeUnshare>NoCascade</CascadeUnshare>
      <CascadeRollupView>NoCascade</CascadeRollupView>
      <IsValidForAdvancedFind>1</IsValidForAdvancedFind>
      <ReferencingAttributeName>mspcat_PackageAsset</ReferencingAttributeName>
      <RelationshipDescription>
        <Descriptions>
          <Description description="Package Asset that will be deployed" languagecode="1033" />
        </Descriptions>
      </RelationshipDescription>
      <EntityRelationshipRoles>
        <EntityRelationshipRole>
          <NavPaneDisplayOption>UseCollectionName</NavPaneDisplayOption>
          <NavPaneArea>Details</NavPaneArea>
          <NavPaneOrder>10000</NavPaneOrder>
          <NavigationPropertyName>mspcat_PackageAsset</NavigationPropertyName>
          <RelationshipRoleType>1</RelationshipRoleType>
        </EntityRelationshipRole>
        <EntityRelationshipRole>
          <RelationshipRoleType>0</RelationshipRoleType>
        </EntityRelationshipRole>
      </EntityRelationshipRoles>
    </EntityRelationship>
    <EntityRelationship Name="mspcat_mspcat_crmgeo_mspcat_applications">
      <EntityRelationshipType>ManyToMany</EntityRelationshipType>
      <IntroducedVersion>1.0.0.0</IntroducedVersion>
      <IsHierarchical>0</IsHierarchical>
      <FirstEntityName>mspcat_crmgeo</FirstEntityName>
      <SecondEntityName>mspcat_applications</SecondEntityName>
      <IntersectEntityName>mspcat_mspcat_crmgeo_mspcat_applications</IntersectEntityName>
      <IsValidForAdvancedFind>1</IsValidForAdvancedFind>
      <EntityRelationshipRoles>
        <EntityRelationshipRole>
          <NavPaneDisplayOption>DoNotDisplay</NavPaneDisplayOption>
          <NavigationPropertyName>mspcat_mspcat_crmgeo_mspcat_applications</NavigationPropertyName>
          <CustomLabels>
            <CustomLabel description="" languagecode="1033" />
          </CustomLabels>
          <AssociationRoleOrdinal>1</AssociationRoleOrdinal>
        </EntityRelationshipRole>
        <EntityRelationshipRole>
          <NavPaneDisplayOption>DoNotDisplay</NavPaneDisplayOption>
          <NavigationPropertyName>mspcat_mspcat_crmgeo_mspcat_applications</NavigationPropertyName>
          <CustomLabels>
            <CustomLabel description="" languagecode="1033" />
          </CustomLabels>
          <AssociationRoleOrdinal>2</AssociationRoleOrdinal>
        </EntityRelationshipRole>
      </EntityRelationshipRoles>
    </EntityRelationship>
    <EntityRelationship Name="mspcat_mspcat_packages_mspcat_applications">
      <EntityRelationshipType>ManyToMany</EntityRelationshipType>
      <IntroducedVersion>1.0.0.0</IntroducedVersion>
      <IsHierarchical>0</IsHierarchical>
      <FirstEntityName>mspcat_packages</FirstEntityName>
      <SecondEntityName>mspcat_applications</SecondEntityName>
      <IntersectEntityName>mspcat_mspcat_packages_mspcat_applications</IntersectEntityName>
      <IsValidForAdvancedFind>1</IsValidForAdvancedFind>
      <EntityRelationshipRoles>
        <EntityRelationshipRole>
          <NavPaneDisplayOption>DoNotDisplay</NavPaneDisplayOption>
          <NavigationPropertyName>mspcat_mspcat_packages_mspcat_applications</NavigationPropertyName>
          <CustomLabels>
            <CustomLabel description="" languagecode="1033" />
          </CustomLabels>
          <AssociationRoleOrdinal>1</AssociationRoleOrdinal>
        </EntityRelationshipRole>
        <EntityRelationshipRole>
          <NavPaneDisplayOption>DoNotDisplay</NavPaneDisplayOption>
          <NavigationPropertyName>mspcat_mspcat_packages_mspcat_applications</NavigationPropertyName>
          <CustomLabels>
            <CustomLabel description="" languagecode="1033" />
          </CustomLabels>
          <AssociationRoleOrdinal>2</AssociationRoleOrdinal>
        </EntityRelationshipRole>
      </EntityRelationshipRoles>
    </EntityRelationship>
    <EntityRelationship Name="mspcat_mspcat_publisher_mspcat_applications_PublisherId">
      <EntityRelationshipType>OneToMany</EntityRelationshipType>
      <IntroducedVersion>1.0.0.0</IntroducedVersion>
      <IsHierarchical>0</IsHierarchical>
      <ReferencingEntityName>mspcat_applications</ReferencingEntityName>
      <ReferencedEntityName>mspcat_publisher</ReferencedEntityName>
      <CascadeAssign>Cascade</CascadeAssign>
      <CascadeDelete>Cascade</CascadeDelete>
      <CascadeArchive>Cascade</CascadeArchive>
      <CascadeReparent>Cascade</CascadeReparent>
      <CascadeShare>Cascade</CascadeShare>
      <CascadeUnshare>Cascade</CascadeUnshare>
      <CascadeRollupView>NoCascade</CascadeRollupView>
      <IsValidForAdvancedFind>1</IsValidForAdvancedFind>
      <ReferencingAttributeName>mspcat_PublisherId</ReferencingAttributeName>
      <RelationshipDescription>
        <Descriptions>
          <Description description="" languagecode="1033" />
        </Descriptions>
      </RelationshipDescription>
      <EntityRelationshipRoles>
        <EntityRelationshipRole>
          <NavPaneDisplayOption>UseCollectionName</NavPaneDisplayOption>
          <NavPaneArea>Details</NavPaneArea>
          <NavPaneOrder>10000</NavPaneOrder>
          <NavigationPropertyName>mspcat_PublisherId</NavigationPropertyName>
          <CustomLabels>
            <CustomLabel description="" languagecode="1033" />
          </CustomLabels>
          <RelationshipRoleType>1</RelationshipRoleType>
        </EntityRelationshipRole>
        <EntityRelationshipRole>
          <RelationshipRoleType>0</RelationshipRoleType>
        </EntityRelationshipRole>
      </EntityRelationshipRoles>
    </EntityRelationship>
    <EntityRelationship Name="owner_mspcat_applications">
      <EntityRelationshipType>OneToMany</EntityRelationshipType>
      <IsCustomizable>1</IsCustomizable>
      <IntroducedVersion>1.0.0.0</IntroducedVersion>
      <IsHierarchical>0</IsHierarchical>
      <ReferencingEntityName>mspcat_applications</ReferencingEntityName>
      <ReferencedEntityName>Owner</ReferencedEntityName>
      <CascadeAssign>NoCascade</CascadeAssign>
      <CascadeDelete>NoCascade</CascadeDelete>
      <CascadeArchive>NoCascade</CascadeArchive>
      <CascadeReparent>NoCascade</CascadeReparent>
      <CascadeShare>NoCascade</CascadeShare>
      <CascadeUnshare>NoCascade</CascadeUnshare>
      <ReferencingAttributeName>OwnerId</ReferencingAttributeName>
      <RelationshipDescription>
        <Descriptions>
          <Description description="Owner Id" languagecode="1033" />
        </Descriptions>
      </RelationshipDescription>
    </EntityRelationship>
    <EntityRelationship Name="team_mspcat_applications">
      <EntityRelationshipType>OneToMany</EntityRelationshipType>
      <IsCustomizable>1</IsCustomizable>
      <IntroducedVersion>1.0.0.0</IntroducedVersion>
      <IsHierarchical>0</IsHierarchical>
      <ReferencingEntityName>mspcat_applications</ReferencingEntityName>
      <ReferencedEntityName>Team</ReferencedEntityName>
      <CascadeAssign>NoCascade</CascadeAssign>
      <CascadeDelete>NoCascade</CascadeDelete>
      <CascadeArchive>NoCascade</CascadeArchive>
      <CascadeReparent>NoCascade</CascadeReparent>
      <CascadeShare>NoCascade</CascadeShare>
      <CascadeUnshare>NoCascade</CascadeUnshare>
      <ReferencingAttributeName>OwningTeam</ReferencingAttributeName>
      <RelationshipDescription>
        <Descriptions>
          <Description description="Unique identifier for the team that owns the record." languagecode="1033" />
        </Descriptions>
      </RelationshipDescription>
    </EntityRelationship>
    <EntityRelationship Name="user_mspcat_applications">
      <EntityRelationshipType>OneToMany</EntityRelationshipType>
      <IsCustomizable>1</IsCustomizable>
      <IntroducedVersion>1.0.0.0</IntroducedVersion>
      <IsHierarchical>0</IsHierarchical>
      <ReferencingEntityName>mspcat_applications</ReferencingEntityName>
      <ReferencedEntityName>SystemUser</ReferencedEntityName>
      <CascadeAssign>NoCascade</CascadeAssign>
      <CascadeDelete>NoCascade</CascadeDelete>
      <CascadeArchive>NoCascade</CascadeArchive>
      <CascadeReparent>NoCascade</CascadeReparent>
      <CascadeShare>NoCascade</CascadeShare>
      <CascadeUnshare>NoCascade</CascadeUnshare>
      <ReferencingAttributeName>OwningUser</ReferencingAttributeName>
      <RelationshipDescription>
        <Descriptions>
          <Description description="Unique identifier for the user that owns the record." languagecode="1033" />
        </Descriptions>
      </RelationshipDescription>
    </EntityRelationship>
  </EntityRelationships>
  <OrganizationSettings />
  <optionsets />
  <CustomControls />
  <AppModules>
    <AppModule>
      <UniqueName>mspcat_PowerPlatformCertification</UniqueName>
      <IntroducedVersion>1.3.0.3</IntroducedVersion>
      <WebResourceId>012c1493-d0ec-ec11-bb3d-000d3a9a2c65</WebResourceId>
      <OptimizedFor></OptimizedFor>
      <statecode>0</statecode>
      <statuscode>1</statuscode>
      <FormFactor>1</FormFactor>
      <ClientType>4</ClientType>
      <NavigationType>0</NavigationType>
      <AppModuleComponents>
        <AppModuleComponent type="60" id="{5ef04fd7-ab64-473f-87cf-94b847bd6615}" solutionaction="Removed" />
      </AppModuleComponents>
      <LocalizedNames>
        <LocalizedName description="Power Platform Catalog Manager" languagecode="1033" />
      </LocalizedNames>
      <Descriptions>
        <Description description="Power Platform Catalog management system for PowerPlatform applications" languagecode="1033" />
      </Descriptions>
    </AppModule>
  </AppModules>
  <EntityDataProviders />
  <Languages>
    <Language>1033</Language>
  </Languages>
</ImportExportXml>