<ImportExportXml version="9.2.25033.232" SolutionPackageVersion="9.2" languagecode="1033" generatedBy="CrmLive" xmlns:xsi="http://www.w3.org/2001/XMLSchema-instance" OrganizationVersion="9.2.25033.232" OrganizationSchemaType="Standard" CRMServerServiceabilityVersion="9.2.25033.00232">
  <SolutionManifest>
    <UniqueName>CatalogExtension</UniqueName>
    <LocalizedNames>
      <LocalizedName description="Catalog Extension" languagecode="1033" />
    </LocalizedNames>
    <Descriptions />
    <Version>1.0.1.3</Version>
    <Managed>0</Managed>
    <Publisher>
      <UniqueName>daw_eng</UniqueName>
      <LocalizedNames>
        <LocalizedName description="DAW Eng" languagecode="1033" />
      </LocalizedNames>
      <Descriptions />
      <EMailAddress xsi:nil="true"></EMailAddress>
      <SupportingWebsiteUrl xsi:nil="true"></SupportingWebsiteUrl>
      <CustomizationPrefix>daw</CustomizationPrefix>
      <CustomizationOptionValuePrefix>77450</CustomizationOptionValuePrefix>
      <Addresses>
        <Address>
          <AddressNumber>1</AddressNumber>
          <AddressTypeCode>1</AddressTypeCode>
          <City xsi:nil="true"></City>
          <County xsi:nil="true"></County>
          <Country xsi:nil="true"></Country>
          <Fax xsi:nil="true"></Fax>
          <FreightTermsCode xsi:nil="true"></FreightTermsCode>
          <ImportSequenceNumber xsi:nil="true"></ImportSequenceNumber>
          <Latitude xsi:nil="true"></Latitude>
          <Line1 xsi:nil="true"></Line1>
          <Line2 xsi:nil="true"></Line2>
          <Line3 xsi:nil="true"></Line3>
          <Longitude xsi:nil="true"></Longitude>
          <Name xsi:nil="true"></Name>
          <PostalCode xsi:nil="true"></PostalCode>
          <PostOfficeBox xsi:nil="true"></PostOfficeBox>
          <PrimaryContactName xsi:nil="true"></PrimaryContactName>
          <ShippingMethodCode>1</ShippingMethodCode>
          <StateOrProvince xsi:nil="true"></StateOrProvince>
          <Telephone1 xsi:nil="true"></Telephone1>
          <Telephone2 xsi:nil="true"></Telephone2>
          <Telephone3 xsi:nil="true"></Telephone3>
          <TimeZoneRuleVersionNumber xsi:nil="true"></TimeZoneRuleVersionNumber>
          <UPSZone xsi:nil="true"></UPSZone>
          <UTCOffset xsi:nil="true"></UTCOffset>
          <UTCConversionTimeZoneCode xsi:nil="true"></UTCConversionTimeZoneCode>
        </Address>
        <Address>
          <AddressNumber>2</AddressNumber>
          <AddressTypeCode>1</AddressTypeCode>
          <City xsi:nil="true"></City>
          <County xsi:nil="true"></County>
          <Country xsi:nil="true"></Country>
          <Fax xsi:nil="true"></Fax>
          <FreightTermsCode xsi:nil="true"></FreightTermsCode>
          <ImportSequenceNumber xsi:nil="true"></ImportSequenceNumber>
          <Latitude xsi:nil="true"></Latitude>
          <Line1 xsi:nil="true"></Line1>
          <Line2 xsi:nil="true"></Line2>
          <Line3 xsi:nil="true"></Line3>
          <Longitude xsi:nil="true"></Longitude>
          <Name xsi:nil="true"></Name>
          <PostalCode xsi:nil="true"></PostalCode>
          <PostOfficeBox xsi:nil="true"></PostOfficeBox>
          <PrimaryContactName xsi:nil="true"></PrimaryContactName>
          <ShippingMethodCode>1</ShippingMethodCode>
          <StateOrProvince xsi:nil="true"></StateOrProvince>
          <Telephone1 xsi:nil="true"></Telephone1>
          <Telephone2 xsi:nil="true"></Telephone2>
          <Telephone3 xsi:nil="true"></Telephone3>
          <TimeZoneRuleVersionNumber xsi:nil="true"></TimeZoneRuleVersionNumber>
          <UPSZone xsi:nil="true"></UPSZone>
          <UTCOffset xsi:nil="true"></UTCOffset>
          <UTCConversionTimeZoneCode xsi:nil="true"></UTCConversionTimeZoneCode>
        </Address>
      </Addresses>
    </Publisher>
    <RootComponents>
      <RootComponent type="1" schemaName="mspcat_applications" behavior="0" />
      <RootComponent type="80" schemaName="mspcat_PowerPlatformCertification" behavior="0" />
    </RootComponents>
    <MissingDependencies>
      <MissingDependency>
        <Required type="1" schemaName="mspcat_applications" displayName="Catalog Item" solution="mspcat_CatalogManager (1.1.29.500)">
          <package appName="Catalog in Power Platform Manager" version="1.1.29.500">mspcat_CatalogManager (1.1.29.500)</package>
        </Required>
        <Dependent type="1" schemaName="mspcat_applications" displayName="Catalog Item" />
      </MissingDependency>
      <MissingDependency>
        <Required type="1" schemaName="mspcat_applications" displayName="Catalog Item" solution="mspcat_CatalogManager (1.1.29.500)">
          <package appName="Catalog in Power Platform Manager" version="1.1.29.500">mspcat_CatalogManager (1.1.29.500)</package>
        </Required>
        <Dependent type="2" schemaName="cr74e_isfeatured" displayName="Is Featured" parentSchemaName="mspcat_applications" parentDisplayName="Catalog Item" />
      </MissingDependency>
      <MissingDependency>
        <Required type="1" schemaName="mspcat_applications" displayName="Catalog Item" solution="mspcat_CatalogManager (1.1.29.500)">
          <package appName="Catalog in Power Platform Manager" version="1.1.29.500">mspcat_CatalogManager (1.1.29.500)</package>
        </Required>
        <Dependent type="2" schemaName="cr74e_timesavingtype" displayName="Time Saving Type" parentSchemaName="mspcat_applications" parentDisplayName="Catalog Item" />
      </MissingDependency>
      <MissingDependency>
        <Required type="1" schemaName="mspcat_applications" displayName="Catalog Item" solution="mspcat_CatalogManager (1.1.29.500)">
          <package appName="Catalog in Power Platform Manager" version="1.1.29.500">mspcat_CatalogManager (1.1.29.500)</package>
        </Required>
        <Dependent type="2" schemaName="cr74e_timesavingunit" displayName="Time Saving Unit" parentSchemaName="mspcat_applications" parentDisplayName="Catalog Item" />
      </MissingDependency>
      <MissingDependency>
        <Required type="1" schemaName="mspcat_applications" displayName="Catalog Item" solution="mspcat_CatalogManager (1.1.29.500)">
          <package appName="Catalog in Power Platform Manager" version="1.1.29.500">mspcat_CatalogManager (1.1.29.500)</package>
        </Required>
        <Dependent type="2" schemaName="cr74e_timesavingvalue" displayName="Time Saving Value" parentSchemaName="mspcat_applications" parentDisplayName="Catalog Item" />
      </MissingDependency>
      <MissingDependency>
        <Required type="1" schemaName="mspcat_applications" displayName="Catalog Item" solution="mspcat_CatalogManager (1.1.29.500)">
          <package appName="Catalog in Power Platform Manager" version="1.1.29.500">mspcat_CatalogManager (1.1.29.500)</package>
        </Required>
        <Dependent type="2" schemaName="createdby" displayName="Created By" parentSchemaName="mspcat_applications" parentDisplayName="Catalog Item" />
      </MissingDependency>
      <MissingDependency>
        <Required type="1" schemaName="mspcat_applications" displayName="Catalog Item" solution="mspcat_CatalogManager (1.1.29.500)">
          <package appName="Catalog in Power Platform Manager" version="1.1.29.500">mspcat_CatalogManager (1.1.29.500)</package>
        </Required>
        <Dependent type="2" schemaName="createdonbehalfby" displayName="Created By (Delegate)" parentSchemaName="mspcat_applications" parentDisplayName="Catalog Item" />
      </MissingDependency>
      <MissingDependency>
        <Required type="1" schemaName="mspcat_applications" displayName="Catalog Item" solution="mspcat_CatalogManager (1.1.29.500)">
          <package appName="Catalog in Power Platform Manager" version="1.1.29.500">mspcat_CatalogManager (1.1.29.500)</package>
        </Required>
        <Dependent type="2" schemaName="daw_ahcategories" displayName="AH Category" parentSchemaName="mspcat_applications" parentDisplayName="Catalog Item" />
      </MissingDependency>
      <MissingDependency>
        <Required type="1" schemaName="mspcat_applications" displayName="Catalog Item" solution="mspcat_CatalogManager (1.1.29.500)">
          <package appName="Catalog in Power Platform Manager" version="1.1.29.500">mspcat_CatalogManager (1.1.29.500)</package>
        </Required>
        <Dependent type="2" schemaName="modifiedby" displayName="Modified By" parentSchemaName="mspcat_applications" parentDisplayName="Catalog Item" />
      </MissingDependency>
      <MissingDependency>
        <Required type="1" schemaName="mspcat_applications" displayName="Catalog Item" solution="mspcat_CatalogManager (1.1.29.500)">
          <package appName="Catalog in Power Platform Manager" version="1.1.29.500">mspcat_CatalogManager (1.1.29.500)</package>
        </Required>
        <Dependent type="2" schemaName="modifiedonbehalfby" displayName="Modified By (Delegate)" parentSchemaName="mspcat_applications" parentDisplayName="Catalog Item" />
      </MissingDependency>
      <MissingDependency>
        <Required type="1" schemaName="mspcat_applications" displayName="Catalog Item" solution="mspcat_CatalogManager (1.1.29.500)">
          <package appName="Catalog in Power Platform Manager" version="1.1.29.500">mspcat_CatalogManager (1.1.29.500)</package>
        </Required>
        <Dependent type="2" schemaName="ownerid" displayName="Owner" parentSchemaName="mspcat_applications" parentDisplayName="Catalog Item" />
      </MissingDependency>
      <MissingDependency>
        <Required type="1" schemaName="mspcat_applications" displayName="Catalog Item" solution="mspcat_CatalogManager (1.1.29.500)">
          <package appName="Catalog in Power Platform Manager" version="1.1.29.500">mspcat_CatalogManager (1.1.29.500)</package>
        </Required>
        <Dependent type="2" schemaName="owningbusinessunit" displayName="Owning Business Unit" parentSchemaName="mspcat_applications" parentDisplayName="Catalog Item" />
      </MissingDependency>
      <MissingDependency>
        <Required type="1" schemaName="mspcat_applications" displayName="Catalog Item" solution="mspcat_CatalogManager (1.1.29.500)">
          <package appName="Catalog in Power Platform Manager" version="1.1.29.500">mspcat_CatalogManager (1.1.29.500)</package>
        </Required>
        <Dependent type="2" schemaName="owningteam" displayName="Owning Team" parentSchemaName="mspcat_applications" parentDisplayName="Catalog Item" />
      </MissingDependency>
      <MissingDependency>
        <Required type="1" schemaName="mspcat_applications" displayName="Catalog Item" solution="mspcat_CatalogManager (1.1.29.500)">
          <package appName="Catalog in Power Platform Manager" version="1.1.29.500">mspcat_CatalogManager (1.1.29.500)</package>
        </Required>
        <Dependent type="2" schemaName="owninguser" displayName="Owning User" parentSchemaName="mspcat_applications" parentDisplayName="Catalog Item" />
      </MissingDependency>
      <MissingDependency>
        <Required type="1" schemaName="mspcat_applications" displayName="Catalog Item" solution="mspcat_CatalogManager (1.1.29.500)">
          <package appName="Catalog in Power Platform Manager" version="1.1.29.500">mspcat_CatalogManager (1.1.29.500)</package>
        </Required>
        <Dependent type="2" schemaName="versionnumber" displayName="Version Number" parentSchemaName="mspcat_applications" parentDisplayName="Catalog Item" />
      </MissingDependency>
      <MissingDependency>
        <Required type="1" schemaName="mspcat_applications" displayName="Catalog Item" solution="mspcat_CatalogManager (1.1.29.500)">
          <package appName="Catalog in Power Platform Manager" version="1.1.29.500">mspcat_CatalogManager (1.1.29.500)</package>
        </Required>
        <Dependent type="80" schemaName="mspcat_PowerPlatformCertification" displayName="Power Platform Catalog Manager" />
      </MissingDependency>
      <MissingDependency>
        <Required type="1" schemaName="mspcat_bpf_06d86bf860814221be8c81204be2199d" displayName="Certification Request Life Cycle" solution="mspcat_CatalogManager (1.1.29.500)">
          <package appName="Catalog in Power Platform Manager" version="1.1.29.500">mspcat_CatalogManager (1.1.29.500)</package>
        </Required>
        <Dependent type="80" schemaName="mspcat_PowerPlatformCertification" displayName="Power Platform Catalog Manager" />
      </MissingDependency>
      <MissingDependency>
        <Required type="1" schemaName="mspcat_catalogdescription" displayName="Catalog Configuration" solution="mspcat_CatalogManager (1.1.29.500)">
          <package appName="Catalog in Power Platform Manager" version="1.1.29.500">mspcat_CatalogManager (1.1.29.500)</package>
        </Required>
        <Dependent type="80" schemaName="mspcat_PowerPlatformCertification" displayName="Power Platform Catalog Manager" />
      </MissingDependency>
      <MissingDependency>
        <Required type="1" schemaName="mspcat_catalogitemfile" displayName="Catalog Item File" solution="mspcat_CatalogManager (1.1.29.500)">
          <package appName="Catalog in Power Platform Manager" version="1.1.29.500">mspcat_CatalogManager (1.1.29.500)</package>
        </Required>
        <Dependent type="1" schemaName="mspcat_applications" displayName="Catalog Item" />
      </MissingDependency>
      <MissingDependency>
        <Required type="1" schemaName="mspcat_catalogitemfile" displayName="Catalog Item File" solution="mspcat_CatalogManager (1.1.29.500)">
          <package appName="Catalog in Power Platform Manager" version="1.1.29.500">mspcat_CatalogManager (1.1.29.500)</package>
        </Required>
        <Dependent type="60" displayName="Catalog Item Information" parentDisplayName="Catalog Item" id="{5ef04fd7-ab64-473f-87cf-94b847bd6615}" />
      </MissingDependency>
      <MissingDependency>
        <Required type="1" schemaName="mspcat_certificationrejectionappliedpolicy" displayName="Approval Rejection Applied Policy" solution="mspcat_CatalogManager (1.1.29.500)">
          <package appName="Catalog in Power Platform Manager" version="1.1.29.500">mspcat_CatalogManager (1.1.29.500)</package>
        </Required>
        <Dependent type="80" schemaName="mspcat_PowerPlatformCertification" displayName="Power Platform Catalog Manager" />
      </MissingDependency>
      <MissingDependency>
        <Required type="1" schemaName="mspcat_certificationrequest" displayName="Approval Request" solution="mspcat_CatalogManager (1.1.29.500)">
          <package appName="Catalog in Power Platform Manager" version="1.1.29.500">mspcat_CatalogManager (1.1.29.500)</package>
        </Required>
        <Dependent type="1" schemaName="mspcat_applications" displayName="Catalog Item" />
      </MissingDependency>
      <MissingDependency>
        <Required type="1" schemaName="mspcat_certificationrequest" displayName="Approval Request" solution="mspcat_CatalogManager (1.1.29.500)">
          <package appName="Catalog in Power Platform Manager" version="1.1.29.500">mspcat_CatalogManager (1.1.29.500)</package>
        </Required>
        <Dependent type="80" schemaName="mspcat_PowerPlatformCertification" displayName="Power Platform Catalog Manager" />
      </MissingDependency>
      <MissingDependency>
        <Required type="1" schemaName="mspcat_configurationforpowerapps" displayName="Configuration for PowerApps Checker" solution="mspcat_CatalogManager (1.1.29.500)">
          <package appName="Catalog in Power Platform Manager" version="1.1.29.500">mspcat_CatalogManager (1.1.29.500)</package>
        </Required>
        <Dependent type="80" schemaName="mspcat_PowerPlatformCertification" displayName="Power Platform Catalog Manager" />
      </MissingDependency>
      <MissingDependency>
        <Required type="1" schemaName="mspcat_crmgeo" displayName="Power Platform Geo" solution="mspcat_CatalogManager (1.1.29.500)">
          <package appName="Catalog in Power Platform Manager" version="1.1.29.500">mspcat_CatalogManager (1.1.29.500)</package>
        </Required>
        <Dependent type="80" schemaName="mspcat_PowerPlatformCertification" displayName="Power Platform Catalog Manager" />
      </MissingDependency>
      <MissingDependency>
        <Required type="1" schemaName="mspcat_crmgeodeploymentstatus" displayName="GEO Deployment Status" solution="mspcat_CatalogManager (1.1.29.500)">
          <package appName="Catalog in Power Platform Manager" version="1.1.29.500">mspcat_CatalogManager (1.1.29.500)</package>
        </Required>
        <Dependent type="1" schemaName="mspcat_applications" displayName="Catalog Item" />
      </MissingDependency>
      <MissingDependency>
        <Required type="1" schemaName="mspcat_installhistory" displayName="Install History" solution="mspcat_CatalogManager (1.1.29.500)">
          <package appName="Catalog in Power Platform Manager" version="1.1.29.500">mspcat_CatalogManager (1.1.29.500)</package>
        </Required>
        <Dependent type="1" schemaName="mspcat_applications" displayName="Catalog Item" />
      </MissingDependency>
      <MissingDependency>
        <Required type="1" schemaName="mspcat_installhistory" displayName="Install History" solution="mspcat_CatalogManager (1.1.29.500)">
          <package appName="Catalog in Power Platform Manager" version="1.1.29.500">mspcat_CatalogManager (1.1.29.500)</package>
        </Required>
        <Dependent type="60" displayName="Catalog Item Information" parentDisplayName="Catalog Item" id="{5ef04fd7-ab64-473f-87cf-94b847bd6615}" />
      </MissingDependency>
      <MissingDependency>
        <Required type="1" schemaName="mspcat_installhistory" displayName="Install History" solution="mspcat_CatalogManager (1.1.29.500)">
          <package appName="Catalog in Power Platform Manager" version="1.1.29.500">mspcat_CatalogManager (1.1.29.500)</package>
        </Required>
        <Dependent type="80" schemaName="mspcat_PowerPlatformCertification" displayName="Power Platform Catalog Manager" />
      </MissingDependency>
      <MissingDependency>
        <Required type="1" schemaName="mspcat_packagelocales" displayName="Package Locales" solution="mspcat_CatalogManager (1.1.29.500)">
          <package appName="Catalog in Power Platform Manager" version="1.1.29.500">mspcat_CatalogManager (1.1.29.500)</package>
        </Required>
        <Dependent type="80" schemaName="mspcat_PowerPlatformCertification" displayName="Power Platform Catalog Manager" />
      </MissingDependency>
      <MissingDependency>
        <Required type="1" schemaName="mspcat_packages" displayName="Package" solution="mspcat_CatalogManager (1.1.29.500)">
          <package appName="Catalog in Power Platform Manager" version="1.1.29.500">mspcat_CatalogManager (1.1.29.500)</package>
        </Required>
        <Dependent type="80" schemaName="mspcat_PowerPlatformCertification" displayName="Power Platform Catalog Manager" />
      </MissingDependency>
      <MissingDependency>
        <Required type="1" schemaName="mspcat_powerappsscanstatus" displayName="Status of PowerApps Checker package scan" solution="mspcat_CatalogManager (1.1.29.500)">
          <package appName="Catalog in Power Platform Manager" version="1.1.29.500">mspcat_CatalogManager (1.1.29.500)</package>
        </Required>
        <Dependent type="80" schemaName="mspcat_PowerPlatformCertification" displayName="Power Platform Catalog Manager" />
      </MissingDependency>
      <MissingDependency>
        <Required type="1" schemaName="mspcat_publisher" displayName="Catalog Publisher" solution="mspcat_CatalogManager (1.1.29.500)">
          <package appName="Catalog in Power Platform Manager" version="1.1.29.500">mspcat_CatalogManager (1.1.29.500)</package>
        </Required>
        <Dependent type="80" schemaName="mspcat_PowerPlatformCertification" displayName="Power Platform Catalog Manager" />
      </MissingDependency>
      <MissingDependency>
        <Required type="1" schemaName="mspcat_publisheridentity" displayName="Publisher Identity" solution="mspcat_CatalogManager (1.1.29.500)">
          <package appName="Catalog in Power Platform Manager" version="1.1.29.500">mspcat_CatalogManager (1.1.29.500)</package>
        </Required>
        <Dependent type="80" schemaName="mspcat_PowerPlatformCertification" displayName="Power Platform Catalog Manager" />
      </MissingDependency>
      <MissingDependency>
        <Required type="1" schemaName="mspcat_rulesetforpowerappschecker" displayName="Rule set for PowerApps Checker" solution="mspcat_CatalogManager (1.1.29.500)">
          <package appName="Catalog in Power Platform Manager" version="1.1.29.500">mspcat_CatalogManager (1.1.29.500)</package>
        </Required>
        <Dependent type="80" schemaName="mspcat_PowerPlatformCertification" displayName="Power Platform Catalog Manager" />
      </MissingDependency>
      <MissingDependency>
        <Required type="1" schemaName="mspcat_sspolicy" displayName="Policy" solution="mspcat_CatalogManager (1.1.29.500)">
          <package appName="Catalog in Power Platform Manager" version="1.1.29.500">mspcat_CatalogManager (1.1.29.500)</package>
        </Required>
        <Dependent type="80" schemaName="mspcat_PowerPlatformCertification" displayName="Power Platform Catalog Manager" />
      </MissingDependency>
      <MissingDependency>
        <Required type="1" schemaName="mspcat_staticanalysispolicy" displayName="Static Analysis Policy" solution="mspcat_CatalogManager (1.1.29.500)">
          <package appName="Catalog in Power Platform Manager" version="1.1.29.500">mspcat_CatalogManager (1.1.29.500)</package>
        </Required>
        <Dependent type="80" schemaName="mspcat_PowerPlatformCertification" displayName="Power Platform Catalog Manager" />
      </MissingDependency>
      <MissingDependency>
        <Required type="1" schemaName="mspcat_templates" displayName="Templates" solution="mspcat_CatalogManager (1.1.29.500)">
          <package appName="Catalog in Power Platform Manager" version="1.1.29.500">mspcat_CatalogManager (1.1.29.500)</package>
        </Required>
        <Dependent type="80" schemaName="mspcat_PowerPlatformCertification" displayName="Power Platform Catalog Manager" />
      </MissingDependency>
      <MissingDependency>
        <Required type="10" schemaName="mspcat_contact_mspcat_applications_EngineeringContact" displayName="mspcat_contact_mspcat_applications_EngineeringContact" parentSchemaName="contact" parentDisplayName="Contact" solution="mspcat_CatalogManager (1.1.29.500)">
          <package appName="Catalog in Power Platform Manager" version="1.1.29.500">mspcat_CatalogManager (1.1.29.500)</package>
        </Required>
        <Dependent type="60" displayName="Catalog Item Information" parentDisplayName="Catalog Item" id="{5ef04fd7-ab64-473f-87cf-94b847bd6615}" />
      </MissingDependency>
      <MissingDependency>
        <Required type="10" schemaName="mspcat_contact_mspcat_applications_SupportContact" displayName="mspcat_contact_mspcat_applications_SupportContact" parentSchemaName="contact" parentDisplayName="Contact" solution="mspcat_CatalogManager (1.1.29.500)">
          <package appName="Catalog in Power Platform Manager" version="1.1.29.500">mspcat_CatalogManager (1.1.29.500)</package>
        </Required>
        <Dependent type="60" displayName="Catalog Item Information" parentDisplayName="Catalog Item" id="{5ef04fd7-ab64-473f-87cf-94b847bd6615}" />
      </MissingDependency>
      <MissingDependency>
        <Required type="10" schemaName="mspcat_CatalogItemFile_CatalogItem_mspcat" displayName="mspcat_CatalogItemFile_CatalogItem_mspcat" parentSchemaName="mspcat_applications" parentDisplayName="Catalog Item" solution="mspcat_CatalogManager (1.1.29.500)">
          <package appName="Catalog in Power Platform Manager" version="1.1.29.500">mspcat_CatalogManager (1.1.29.500)</package>
        </Required>
        <Dependent type="60" displayName="Catalog Item Information" parentDisplayName="Catalog Item" id="{5ef04fd7-ab64-473f-87cf-94b847bd6615}" />
      </MissingDependency>
      <MissingDependency>
        <Required type="10" schemaName="mspcat_mspcat_installhistory_CatalogItem_mspcat_" displayName="mspcat_mspcat_installhistory_CatalogItem_mspcat_" parentSchemaName="mspcat_applications" parentDisplayName="Catalog Item" solution="mspcat_CatalogManager (1.1.29.500)">
          <package appName="Catalog in Power Platform Manager" version="1.1.29.500">mspcat_CatalogManager (1.1.29.500)</package>
        </Required>
        <Dependent type="60" displayName="Catalog Item Information" parentDisplayName="Catalog Item" id="{5ef04fd7-ab64-473f-87cf-94b847bd6615}" />
      </MissingDependency>
      <MissingDependency>
        <Required type="10" schemaName="mspcat_mspcat_applications_PackageAsset_mspcat_p" displayName="mspcat_mspcat_applications_PackageAsset_mspcat_p" parentSchemaName="mspcat_packages" parentDisplayName="Package" solution="mspcat_CatalogManager (1.1.29.500)">
          <package appName="Catalog in Power Platform Manager" version="1.1.29.500">mspcat_CatalogManager (1.1.29.500)</package>
        </Required>
        <Dependent type="60" displayName="Catalog Item Information" parentDisplayName="Catalog Item" id="{5ef04fd7-ab64-473f-87cf-94b847bd6615}" />
      </MissingDependency>
      <MissingDependency>
        <Required type="10" schemaName="mspcat_mspcat_publisher_mspcat_applications_PublisherId" displayName="mspcat_mspcat_publisher_mspcat_applications_PublisherId" parentSchemaName="mspcat_publisher" parentDisplayName="Catalog Publisher" solution="mspcat_CatalogManager (1.1.29.500)">
          <package appName="Catalog in Power Platform Manager" version="1.1.29.500">mspcat_CatalogManager (1.1.29.500)</package>
        </Required>
        <Dependent type="60" displayName="Catalog Item Information" parentDisplayName="Catalog Item" id="{5ef04fd7-ab64-473f-87cf-94b847bd6615}" />
      </MissingDependency>
      <MissingDependency>
        <Required type="2" schemaName="createdon" displayName="Created On" parentSchemaName="mspcat_applications" parentDisplayName="Catalog Item" solution="mspcat_CatalogManager (1.1.29.500)">
          <package appName="Catalog in Power Platform Manager" version="1.1.29.500">mspcat_CatalogManager (1.1.29.500)</package>
        </Required>
        <Dependent type="60" displayName="Catalog Item Information" parentDisplayName="Catalog Item" id="{5ef04fd7-ab64-473f-87cf-94b847bd6615}" />
      </MissingDependency>
      <MissingDependency>
        <Required type="2" schemaName="modifiedon" displayName="Modified On" parentSchemaName="mspcat_applications" parentDisplayName="Catalog Item" solution="mspcat_CatalogManager (1.1.29.500)">
          <package appName="Catalog in Power Platform Manager" version="1.1.29.500">mspcat_CatalogManager (1.1.29.500)</package>
        </Required>
        <Dependent type="60" displayName="Catalog Item Information" parentDisplayName="Catalog Item" id="{5ef04fd7-ab64-473f-87cf-94b847bd6615}" />
      </MissingDependency>
      <MissingDependency>
        <Required type="2" schemaName="mspcat_allowautoapproval" displayName="Allow auto-approval" parentSchemaName="mspcat_applications" parentDisplayName="Catalog Item" solution="mspcat_CatalogManager (1.1.29.500)">
          <package appName="Catalog in Power Platform Manager" version="1.1.29.500">mspcat_CatalogManager (1.1.29.500)</package>
        </Required>
        <Dependent type="60" displayName="Catalog Item Information" parentDisplayName="Catalog Item" id="{5ef04fd7-ab64-473f-87cf-94b847bd6615}" />
      </MissingDependency>
      <MissingDependency>
        <Required type="2" schemaName="mspcat_applicationtype" displayName="Type" parentSchemaName="mspcat_applications" parentDisplayName="Catalog Item" solution="mspcat_CatalogManager (1.1.29.500)">
          <package appName="Catalog in Power Platform Manager" version="1.1.29.500">mspcat_CatalogManager (1.1.29.500)</package>
        </Required>
        <Dependent type="60" displayName="Catalog Item Information" parentDisplayName="Catalog Item" id="{5ef04fd7-ab64-473f-87cf-94b847bd6615}" />
      </MissingDependency>
      <MissingDependency>
        <Required type="2" schemaName="mspcat_businesscategory" displayName="Business Category" parentSchemaName="mspcat_applications" parentDisplayName="Catalog Item" solution="mspcat_CatalogManager (1.1.29.500)">
          <package appName="Catalog in Power Platform Manager" version="1.1.29.500">mspcat_CatalogManager (1.1.29.500)</package>
        </Required>
        <Dependent type="60" displayName="Catalog Item Information" parentDisplayName="Catalog Item" id="{5ef04fd7-ab64-473f-87cf-94b847bd6615}" />
      </MissingDependency>
      <MissingDependency>
        <Required type="2" schemaName="mspcat_coderepo" displayName="Code Repository" parentSchemaName="mspcat_applications" parentDisplayName="Catalog Item" solution="mspcat_CatalogManager (1.1.29.500)">
          <package appName="Catalog in Power Platform Manager" version="1.1.29.500">mspcat_CatalogManager (1.1.29.500)</package>
        </Required>
        <Dependent type="60" displayName="Catalog Item Information" parentDisplayName="Catalog Item" id="{5ef04fd7-ab64-473f-87cf-94b847bd6615}" />
      </MissingDependency>
      <MissingDependency>
        <Required type="2" schemaName="mspcat_componentlogicalname" displayName="Component Logical Name" parentSchemaName="mspcat_applications" parentDisplayName="Catalog Item" solution="mspcat_CatalogManager (1.1.29.500)">
          <package appName="Catalog in Power Platform Manager" version="1.1.29.500">mspcat_CatalogManager (1.1.29.500)</package>
        </Required>
        <Dependent type="60" displayName="Catalog Item Information" parentDisplayName="Catalog Item" id="{5ef04fd7-ab64-473f-87cf-94b847bd6615}" />
      </MissingDependency>
      <MissingDependency>
        <Required type="2" schemaName="mspcat_deploytype" displayName="Deploy Type" parentSchemaName="mspcat_applications" parentDisplayName="Catalog Item" solution="mspcat_CatalogManager (1.1.29.500)">
          <package appName="Catalog in Power Platform Manager" version="1.1.29.500">mspcat_CatalogManager (1.1.29.500)</package>
        </Required>
        <Dependent type="60" displayName="Catalog Item Information" parentDisplayName="Catalog Item" id="{5ef04fd7-ab64-473f-87cf-94b847bd6615}" />
      </MissingDependency>
      <MissingDependency>
        <Required type="2" schemaName="mspcat_description" displayName="Description" parentSchemaName="mspcat_applications" parentDisplayName="Catalog Item" solution="mspcat_CatalogManager (1.1.29.500)">
          <package appName="Catalog in Power Platform Manager" version="1.1.29.500">mspcat_CatalogManager (1.1.29.500)</package>
        </Required>
        <Dependent type="60" displayName="Catalog Item Information" parentDisplayName="Catalog Item" id="{5ef04fd7-ab64-473f-87cf-94b847bd6615}" />
      </MissingDependency>
      <MissingDependency>
        <Required type="2" schemaName="mspcat_engineeringcontact" displayName="Engineering Contact" parentSchemaName="mspcat_applications" parentDisplayName="Catalog Item" solution="mspcat_CatalogManager (1.1.29.500)">
          <package appName="Catalog in Power Platform Manager" version="1.1.29.500">mspcat_CatalogManager (1.1.29.500)</package>
        </Required>
        <Dependent type="60" displayName="Catalog Item Information" parentDisplayName="Catalog Item" id="{5ef04fd7-ab64-473f-87cf-94b847bd6615}" />
      </MissingDependency>
      <MissingDependency>
        <Required type="2" schemaName="mspcat_helplink" displayName="Help Link" parentSchemaName="mspcat_applications" parentDisplayName="Catalog Item" solution="mspcat_CatalogManager (1.1.29.500)">
          <package appName="Catalog in Power Platform Manager" version="1.1.29.500">mspcat_CatalogManager (1.1.29.500)</package>
        </Required>
        <Dependent type="60" displayName="Catalog Item Information" parentDisplayName="Catalog Item" id="{5ef04fd7-ab64-473f-87cf-94b847bd6615}" />
      </MissingDependency>
      <MissingDependency>
        <Required type="2" schemaName="mspcat_legalterms" displayName="Legal Terms" parentSchemaName="mspcat_applications" parentDisplayName="Catalog Item" solution="mspcat_CatalogManager (1.1.29.500)">
          <package appName="Catalog in Power Platform Manager" version="1.1.29.500">mspcat_CatalogManager (1.1.29.500)</package>
        </Required>
        <Dependent type="60" displayName="Catalog Item Information" parentDisplayName="Catalog Item" id="{5ef04fd7-ab64-473f-87cf-94b847bd6615}" />
      </MissingDependency>
      <MissingDependency>
        <Required type="2" schemaName="mspcat_legaltermslink" displayName="Legal Terms Link" parentSchemaName="mspcat_applications" parentDisplayName="Catalog Item" solution="mspcat_CatalogManager (1.1.29.500)">
          <package appName="Catalog in Power Platform Manager" version="1.1.29.500">mspcat_CatalogManager (1.1.29.500)</package>
        </Required>
        <Dependent type="60" displayName="Catalog Item Information" parentDisplayName="Catalog Item" id="{5ef04fd7-ab64-473f-87cf-94b847bd6615}" />
      </MissingDependency>
      <MissingDependency>
        <Required type="2" schemaName="mspcat_name" displayName="Name" parentSchemaName="mspcat_applications" parentDisplayName="Catalog Item" solution="mspcat_CatalogManager (1.1.29.500)">
          <package appName="Catalog in Power Platform Manager" version="1.1.29.500">mspcat_CatalogManager (1.1.29.500)</package>
        </Required>
        <Dependent type="60" displayName="Catalog Item Information" parentDisplayName="Catalog Item" id="{5ef04fd7-ab64-473f-87cf-94b847bd6615}" />
      </MissingDependency>
      <MissingDependency>
        <Required type="2" schemaName="mspcat_packageasset" displayName="Package Asset" parentSchemaName="mspcat_applications" parentDisplayName="Catalog Item" solution="mspcat_CatalogManager (1.1.29.500)">
          <package appName="Catalog in Power Platform Manager" version="1.1.29.500">mspcat_CatalogManager (1.1.29.500)</package>
        </Required>
        <Dependent type="60" displayName="Catalog Item Information" parentDisplayName="Catalog Item" id="{5ef04fd7-ab64-473f-87cf-94b847bd6615}" />
      </MissingDependency>
      <MissingDependency>
        <Required type="2" schemaName="mspcat_postinstalloperationtype" displayName="Post Install Operation Type" parentSchemaName="mspcat_applications" parentDisplayName="Catalog Item" solution="mspcat_CatalogManager (1.1.29.500)">
          <package appName="Catalog in Power Platform Manager" version="1.1.29.500">mspcat_CatalogManager (1.1.29.500)</package>
        </Required>
        <Dependent type="60" displayName="Catalog Item Information" parentDisplayName="Catalog Item" id="{5ef04fd7-ab64-473f-87cf-94b847bd6615}" />
      </MissingDependency>
      <MissingDependency>
        <Required type="2" schemaName="mspcat_privacypolicyurl" displayName="Privacy Policy Link" parentSchemaName="mspcat_applications" parentDisplayName="Catalog Item" solution="mspcat_CatalogManager (1.1.29.500)">
          <package appName="Catalog in Power Platform Manager" version="1.1.29.500">mspcat_CatalogManager (1.1.29.500)</package>
        </Required>
        <Dependent type="60" displayName="Catalog Item Information" parentDisplayName="Catalog Item" id="{5ef04fd7-ab64-473f-87cf-94b847bd6615}" />
      </MissingDependency>
      <MissingDependency>
        <Required type="2" schemaName="mspcat_publisherid" displayName="Publishers" parentSchemaName="mspcat_applications" parentDisplayName="Catalog Item" solution="mspcat_CatalogManager (1.1.29.500)">
          <package appName="Catalog in Power Platform Manager" version="1.1.29.500">mspcat_CatalogManager (1.1.29.500)</package>
        </Required>
        <Dependent type="60" displayName="Catalog Item Information" parentDisplayName="Catalog Item" id="{5ef04fd7-ab64-473f-87cf-94b847bd6615}" />
      </MissingDependency>
      <MissingDependency>
        <Required type="2" schemaName="mspcat_supportcontact" displayName="Support Contact" parentSchemaName="mspcat_applications" parentDisplayName="Catalog Item" solution="mspcat_CatalogManager (1.1.29.500)">
          <package appName="Catalog in Power Platform Manager" version="1.1.29.500">mspcat_CatalogManager (1.1.29.500)</package>
        </Required>
        <Dependent type="60" displayName="Catalog Item Information" parentDisplayName="Catalog Item" id="{5ef04fd7-ab64-473f-87cf-94b847bd6615}" />
      </MissingDependency>
      <MissingDependency>
        <Required type="2" schemaName="mspcat_supportedapplicationtypes" displayName="Supported Application Types" parentSchemaName="mspcat_applications" parentDisplayName="Catalog Item" solution="mspcat_CatalogManager (1.1.29.500)">
          <package appName="Catalog in Power Platform Manager" version="1.1.29.500">mspcat_CatalogManager (1.1.29.500)</package>
        </Required>
        <Dependent type="60" displayName="Catalog Item Information" parentDisplayName="Catalog Item" id="{5ef04fd7-ab64-473f-87cf-94b847bd6615}" />
      </MissingDependency>
      <MissingDependency>
        <Required type="2" schemaName="mspcat_supportsapptype" displayName="Supports App Type" parentSchemaName="mspcat_applications" parentDisplayName="Catalog Item" solution="mspcat_CatalogManager (1.1.29.500)">
          <package appName="Catalog in Power Platform Manager" version="1.1.29.500">mspcat_CatalogManager (1.1.29.500)</package>
        </Required>
        <Dependent type="60" displayName="Catalog Item Information" parentDisplayName="Catalog Item" id="{5ef04fd7-ab64-473f-87cf-94b847bd6615}" />
      </MissingDependency>
      <MissingDependency>
        <Required type="2" schemaName="mspcat_targetstudiotype" displayName="Target Studio Type" parentSchemaName="mspcat_applications" parentDisplayName="Catalog Item" solution="mspcat_CatalogManager (1.1.29.500)">
          <package appName="Catalog in Power Platform Manager" version="1.1.29.500">mspcat_CatalogManager (1.1.29.500)</package>
        </Required>
        <Dependent type="60" displayName="Catalog Item Information" parentDisplayName="Catalog Item" id="{5ef04fd7-ab64-473f-87cf-94b847bd6615}" />
      </MissingDependency>
      <MissingDependency>
        <Required type="2" schemaName="mspcat_tpsid" displayName="Catalog Item Id" parentSchemaName="mspcat_applications" parentDisplayName="Catalog Item" solution="mspcat_CatalogManager (1.1.29.500)">
          <package appName="Catalog in Power Platform Manager" version="1.1.29.500">mspcat_CatalogManager (1.1.29.500)</package>
        </Required>
        <Dependent type="60" displayName="Catalog Item Information" parentDisplayName="Catalog Item" id="{5ef04fd7-ab64-473f-87cf-94b847bd6615}" />
      </MissingDependency>
      <MissingDependency>
        <Required type="2" schemaName="statecode" displayName="Status" parentSchemaName="mspcat_applications" parentDisplayName="Catalog Item" solution="mspcat_CatalogManager (1.1.29.500)">
          <package appName="Catalog in Power Platform Manager" version="1.1.29.500">mspcat_CatalogManager (1.1.29.500)</package>
        </Required>
        <Dependent type="60" displayName="Catalog Item Information" parentDisplayName="Catalog Item" id="{5ef04fd7-ab64-473f-87cf-94b847bd6615}" />
      </MissingDependency>
      <MissingDependency>
        <Required type="2" schemaName="statuscode" displayName="Status Reason" parentSchemaName="mspcat_applications" parentDisplayName="Catalog Item" solution="mspcat_CatalogManager (1.1.29.500)">
          <package appName="Catalog in Power Platform Manager" version="1.1.29.500">mspcat_CatalogManager (1.1.29.500)</package>
        </Required>
        <Dependent type="60" displayName="Catalog Item Information" parentDisplayName="Catalog Item" id="{5ef04fd7-ab64-473f-87cf-94b847bd6615}" />
      </MissingDependency>
      <MissingDependency>
        <Required type="26" schemaName="All Contacts" displayName="All Contacts" parentSchemaName="contact" parentDisplayName="Contact" solution="msdynce_AppCommon (9.0.4.0066)" id="{0d5d377b-5e7c-47b5-bab1-a5cb8b4ac105}">
          <package appName="msdynce_AppCommon" version="9.0.25033.10001">msdynce_AppCommonAnchor (9.0.25033.10001)</package>
        </Required>
        <Dependent type="80" schemaName="mspcat_PowerPlatformCertification" displayName="Power Platform Catalog Manager" />
      </MissingDependency>
      <MissingDependency>
        <Required type="26" schemaName="Publisher Lookup View" displayName="Publisher Lookup View" parentSchemaName="mspcat_publisher" parentDisplayName="Catalog Publisher" solution="mspcat_CatalogManager (1.1.29.500)" id="{87abc603-a4ea-49f1-8df3-9316944b63e2}">
          <package appName="Catalog in Power Platform Manager" version="1.1.29.500">mspcat_CatalogManager (1.1.29.500)</package>
        </Required>
        <Dependent type="60" displayName="Catalog Item Information" parentDisplayName="Catalog Item" id="{5ef04fd7-ab64-473f-87cf-94b847bd6615}" />
      </MissingDependency>
      <MissingDependency>
        <Required type="26" schemaName="Active Status of PowerApps Checker scans" displayName="Active Status of PowerApps Checker scans" parentSchemaName="mspcat_powerappsscanstatus" parentDisplayName="Status of PowerApps Checker package scan" solution="mspcat_CatalogManager (1.1.29.500)" id="{8964d412-6889-4c90-9bce-0ba50dbd5cd1}">
          <package appName="Catalog in Power Platform Manager" version="1.1.29.500">mspcat_CatalogManager (1.1.29.500)</package>
        </Required>
        <Dependent type="80" schemaName="mspcat_PowerPlatformCertification" displayName="Power Platform Catalog Manager" />
      </MissingDependency>
      <MissingDependency>
        <Required type="26" schemaName="Inactive Install Histories" displayName="Inactive Install Histories" parentSchemaName="mspcat_installhistory" parentDisplayName="Install History" solution="mspcat_CatalogManager (1.1.29.500)" id="{ab7b6633-8e6b-4fa3-8b7b-eb46aca00872}">
          <package appName="Catalog in Power Platform Manager" version="1.1.29.500">mspcat_CatalogManager (1.1.29.500)</package>
        </Required>
        <Dependent type="60" displayName="Catalog Item Information" parentDisplayName="Catalog Item" id="{5ef04fd7-ab64-473f-87cf-94b847bd6615}" />
      </MissingDependency>
      <MissingDependency>
        <Required type="26" schemaName="Active Catalog Item Files" displayName="Active Catalog Item Files" parentSchemaName="mspcat_catalogitemfile" parentDisplayName="Catalog Item File" solution="mspcat_CatalogManager (1.1.29.500)" id="{bd573e84-e047-4953-ada5-a077010762d8}">
          <package appName="Catalog in Power Platform Manager" version="1.1.29.500">mspcat_CatalogManager (1.1.29.500)</package>
        </Required>
        <Dependent type="60" displayName="Catalog Item Information" parentDisplayName="Catalog Item" id="{5ef04fd7-ab64-473f-87cf-94b847bd6615}" />
      </MissingDependency>
      <MissingDependency>
        <Required type="29" displayName="Certification Request Life Cycle" solution="mspcat_CatalogManager (1.1.29.500)" id="{06d86bf8-6081-4221-be8c-81204be2199d}">
          <package appName="Catalog in Power Platform Manager" version="1.1.29.500">mspcat_CatalogManager (1.1.29.500)</package>
        </Required>
        <Dependent type="80" schemaName="mspcat_PowerPlatformCertification" displayName="Power Platform Catalog Manager" />
      </MissingDependency>
      <MissingDependency>
        <Required type="59" schemaName="OverAll Status" displayName="OverAll Status" parentSchemaName="mspcat_certificationrequest" parentDisplayName="Approval Request" solution="mspcat_CatalogManager (1.1.29.500)" id="{1a2af87a-530a-e711-810c-c4346bad41fc}">
          <package appName="Catalog in Power Platform Manager" version="1.1.29.500">mspcat_CatalogManager (1.1.29.500)</package>
        </Required>
        <Dependent type="80" schemaName="mspcat_PowerPlatformCertification" displayName="Power Platform Catalog Manager" />
      </MissingDependency>
      <MissingDependency>
        <Required type="59" schemaName="Active Approval Request Count By Owner" displayName="Active Approval Request Count By Owner" parentSchemaName="mspcat_certificationrequest" parentDisplayName="Approval Request" solution="mspcat_CatalogManager (1.1.29.500)" id="{60877d3e-520a-e711-810c-c4346bad41fc}">
          <package appName="Catalog in Power Platform Manager" version="1.1.29.500">mspcat_CatalogManager (1.1.29.500)</package>
        </Required>
        <Dependent type="80" schemaName="mspcat_PowerPlatformCertification" displayName="Power Platform Catalog Manager" />
      </MissingDependency>
      <MissingDependency>
        <Required type="59" schemaName="Highest Approval Request Count by Month" displayName="Highest Approval Request Count by Month" parentSchemaName="mspcat_certificationrequest" parentDisplayName="Approval Request" solution="mspcat_CatalogManager (1.1.29.500)" id="{6a616921-530a-e711-810c-c4346bad41fc}">
          <package appName="Catalog in Power Platform Manager" version="1.1.29.500">mspcat_CatalogManager (1.1.29.500)</package>
        </Required>
        <Dependent type="80" schemaName="mspcat_PowerPlatformCertification" displayName="Power Platform Catalog Manager" />
      </MissingDependency>
      <MissingDependency>
        <Required type="59" schemaName="Certification Request Trend" displayName="Certification Request Trend" parentSchemaName="mspcat_certificationrequest" parentDisplayName="Approval Request" solution="mspcat_CatalogManager (1.1.29.500)" id="{b73aa5c2-530a-e711-810c-c4346bad41fc}">
          <package appName="Catalog in Power Platform Manager" version="1.1.29.500">mspcat_CatalogManager (1.1.29.500)</package>
        </Required>
        <Dependent type="80" schemaName="mspcat_PowerPlatformCertification" displayName="Power Platform Catalog Manager" />
      </MissingDependency>
      <MissingDependency>
        <Required type="59" schemaName="Active Approval Request Details By Owner" displayName="Active Approval Request Details By Owner" parentSchemaName="mspcat_certificationrequest" parentDisplayName="Approval Request" solution="mspcat_CatalogManager (1.1.29.500)" id="{ff52efb5-520a-e711-810c-c4346bad41fc}">
          <package appName="Catalog in Power Platform Manager" version="1.1.29.500">mspcat_CatalogManager (1.1.29.500)</package>
        </Required>
        <Dependent type="80" schemaName="mspcat_PowerPlatformCertification" displayName="Power Platform Catalog Manager" />
      </MissingDependency>
      <MissingDependency>
        <Required type="60" displayName="Publisher Information" parentDisplayName="Catalog Publisher" solution="mspcat_CatalogManager (1.1.29.500)" id="{281ae0cb-e757-49fa-8834-990164c0f557}">
          <package appName="Catalog in Power Platform Manager" version="1.1.29.500">mspcat_CatalogManager (1.1.29.500)</package>
        </Required>
        <Dependent type="80" schemaName="mspcat_PowerPlatformCertification" displayName="Power Platform Catalog Manager" />
      </MissingDependency>
      <MissingDependency>
        <Required type="60" displayName="account contact card" parentDisplayName="Contact" solution="msdynce_AppCommon (9.0.4.0066)" id="{29de27bc-a257-4f29-99cf-bab4a84e688f}">
          <package appName="msdynce_AppCommon" version="9.0.25033.10001">msdynce_AppCommonAnchor (9.0.25033.10001)</package>
        </Required>
        <Dependent type="80" schemaName="mspcat_PowerPlatformCertification" displayName="Power Platform Catalog Manager" />
      </MissingDependency>
      <MissingDependency>
        <Required type="60" displayName="Information" parentDisplayName="Static Analysis Policy" solution="mspcat_CatalogManager (1.1.29.500)" id="{2c0d5b00-fbbf-445a-8e7d-7fff5385e3e4}">
          <package appName="Catalog in Power Platform Manager" version="1.1.29.500">mspcat_CatalogManager (1.1.29.500)</package>
        </Required>
        <Dependent type="80" schemaName="mspcat_PowerPlatformCertification" displayName="Power Platform Catalog Manager" />
      </MissingDependency>
      <MissingDependency>
        <Required type="60" displayName="Information" parentDisplayName="Policy" solution="mspcat_CatalogManager (1.1.29.500)" id="{3c3baa06-9751-4d16-b114-87349076e685}">
          <package appName="Catalog in Power Platform Manager" version="1.1.29.500">mspcat_CatalogManager (1.1.29.500)</package>
        </Required>
        <Dependent type="80" schemaName="mspcat_PowerPlatformCertification" displayName="Power Platform Catalog Manager" />
      </MissingDependency>
      <MissingDependency>
        <Required type="60" displayName="Live Persona Card Form" parentDisplayName="Contact" solution="msdynce_AppCommonPatch201904 (9.0.25033.10001)" id="{449faa0e-f471-48ec-87d0-4719909546d2}">
          <package appName="msdynce_AppCommon" version="9.0.25033.10001">msdynce_AppCommonAnchor (9.0.25033.10001)</package>
        </Required>
        <Dependent type="80" schemaName="mspcat_PowerPlatformCertification" displayName="Power Platform Catalog Manager" />
      </MissingDependency>
      <MissingDependency>
        <Required type="60" displayName="Catalog Item Information" parentDisplayName="Catalog Item" solution="mspcat_CatalogManager (1.1.29.500)" id="{5ef04fd7-ab64-473f-87cf-94b847bd6615}">
          <package appName="Catalog in Power Platform Manager" version="1.1.29.500">mspcat_CatalogManager (1.1.29.500)</package>
        </Required>
        <Dependent type="60" displayName="Catalog Item Information" parentDisplayName="Catalog Item" id="{5ef04fd7-ab64-473f-87cf-94b847bd6615}" />
      </MissingDependency>
      <MissingDependency>
        <Required type="60" displayName="contact card" parentDisplayName="Contact" solution="msdynce_AppCommon (9.0.4.0066)" id="{707fc57b-c5e6-471b-a180-e37ed28a38e2}">
          <package appName="msdynce_AppCommon" version="9.0.25033.10001">msdynce_AppCommonAnchor (9.0.25033.10001)</package>
        </Required>
        <Dependent type="80" schemaName="mspcat_PowerPlatformCertification" displayName="Power Platform Catalog Manager" />
      </MissingDependency>
      <MissingDependency>
        <Required type="60" displayName="Approval Request Status" solution="mspcat_CatalogManager (1.1.29.500)" id="{790a9d86-3f0d-e711-8103-fc15b428fac0}">
          <package appName="Catalog in Power Platform Manager" version="1.1.29.500">mspcat_CatalogManager (1.1.29.500)</package>
        </Required>
        <Dependent type="80" schemaName="mspcat_PowerPlatformCertification" displayName="Power Platform Catalog Manager" />
      </MissingDependency>
      <MissingDependency>
        <Required type="60" displayName="Social Profiles" parentDisplayName="Contact" solution="msdynce_AppCommon (9.0.4.0066)" id="{7bb87dfd-ec3e-4ed9-8e3e-5725d3067295}">
          <package appName="msdynce_AppCommon" version="9.0.25033.10001">msdynce_AppCommonAnchor (9.0.25033.10001)</package>
        </Required>
        <Dependent type="80" schemaName="mspcat_PowerPlatformCertification" displayName="Power Platform Catalog Manager" />
      </MissingDependency>
      <MissingDependency>
        <Required type="60" displayName="Information" parentDisplayName="Policy" solution="mspcat_CatalogManager (1.1.29.500)" id="{7ff51015-91e9-40fe-9ec9-aa189e869294}">
          <package appName="Catalog in Power Platform Manager" version="1.1.29.500">mspcat_CatalogManager (1.1.29.500)</package>
        </Required>
        <Dependent type="80" schemaName="mspcat_PowerPlatformCertification" displayName="Power Platform Catalog Manager" />
      </MissingDependency>
      <MissingDependency>
        <Required type="60" displayName="Catalog Contact" parentDisplayName="Contact" solution="mspcat_CatalogManager (1.1.29.500)" id="{8f5247cf-2b9c-ed11-aad1-0022480492d7}">
          <package appName="Catalog in Power Platform Manager" version="1.1.29.500">mspcat_CatalogManager (1.1.29.500)</package>
        </Required>
        <Dependent type="80" schemaName="mspcat_PowerPlatformCertification" displayName="Power Platform Catalog Manager" />
      </MissingDependency>
      <MissingDependency>
        <Required type="60" displayName="Information" parentDisplayName="Status of PowerApps Checker package scan" solution="mspcat_CatalogManager (1.1.29.500)" id="{9ab27c32-cf31-4b9f-acc2-0245be7b0b0a}">
          <package appName="Catalog in Power Platform Manager" version="1.1.29.500">mspcat_CatalogManager (1.1.29.500)</package>
        </Required>
        <Dependent type="80" schemaName="mspcat_PowerPlatformCertification" displayName="Power Platform Catalog Manager" />
      </MissingDependency>
      <MissingDependency>
        <Required type="60" displayName="Publisher Identity" parentDisplayName="Publisher Identity" solution="mspcat_CatalogManager (1.1.29.500)" id="{ac362a02-0b12-4e26-ad84-17f142a32c68}">
          <package appName="Catalog in Power Platform Manager" version="1.1.29.500">mspcat_CatalogManager (1.1.29.500)</package>
        </Required>
        <Dependent type="80" schemaName="mspcat_PowerPlatformCertification" displayName="Power Platform Catalog Manager" />
      </MissingDependency>
      <MissingDependency>
        <Required type="60" displayName="Contact Quick Form" parentDisplayName="Contact" solution="msdynce_AppCommon (9.0.4.0066)" id="{bdb0ae1c-32fa-4374-b637-8dafe107bc44}">
          <package appName="msdynce_AppCommon" version="9.0.25033.10001">msdynce_AppCommonAnchor (9.0.25033.10001)</package>
        </Required>
        <Dependent type="80" schemaName="mspcat_PowerPlatformCertification" displayName="Power Platform Catalog Manager" />
      </MissingDependency>
      <MissingDependency>
        <Required type="60" displayName="Information" parentDisplayName="Power Platform Geo" solution="mspcat_CatalogManager (1.1.29.500)" id="{c0760d12-4f23-4267-8f23-55644fdae8a6}">
          <package appName="Catalog in Power Platform Manager" version="1.1.29.500">mspcat_CatalogManager (1.1.29.500)</package>
        </Required>
        <Dependent type="80" schemaName="mspcat_PowerPlatformCertification" displayName="Power Platform Catalog Manager" />
      </MissingDependency>
      <MissingDependency>
        <Required type="60" displayName="Team Dashboard" solution="mspcat_CatalogManager (1.1.29.500)" id="{c7c79523-430d-e711-8103-fc15b428fac0}">
          <package appName="Catalog in Power Platform Manager" version="1.1.29.500">mspcat_CatalogManager (1.1.29.500)</package>
        </Required>
        <Dependent type="80" schemaName="mspcat_PowerPlatformCertification" displayName="Power Platform Catalog Manager" />
      </MissingDependency>
      <MissingDependency>
        <Required type="60" displayName="Package Information" parentDisplayName="Package" solution="mspcat_CatalogManager (1.1.29.500)" id="{cb108c61-67f1-4088-853c-2fe2576ec628}">
          <package appName="Catalog in Power Platform Manager" version="1.1.29.500">mspcat_CatalogManager (1.1.29.500)</package>
        </Required>
        <Dependent type="80" schemaName="mspcat_PowerPlatformCertification" displayName="Power Platform Catalog Manager" />
      </MissingDependency>
      <MissingDependency>
        <Required type="60" displayName="Approvals Request" parentDisplayName="Approval Request" solution="mspcat_CatalogManager (1.1.29.500)" id="{cb621382-8425-4d3e-b056-56d3d5cbfdb5}">
          <package appName="Catalog in Power Platform Manager" version="1.1.29.500">mspcat_CatalogManager (1.1.29.500)</package>
        </Required>
        <Dependent type="80" schemaName="mspcat_PowerPlatformCertification" displayName="Power Platform Catalog Manager" />
      </MissingDependency>
      <MissingDependency>
        <Required type="60" displayName="Application Contacts" parentDisplayName="Catalog Item" solution="mspcat_CatalogManager (1.1.29.500)" id="{d1ff5588-0848-41fa-9f62-2f099628d5e3}">
          <package appName="Catalog in Power Platform Manager" version="1.1.29.500">mspcat_CatalogManager (1.1.29.500)</package>
        </Required>
        <Dependent type="80" schemaName="mspcat_PowerPlatformCertification" displayName="Power Platform Catalog Manager" />
      </MissingDependency>
      <MissingDependency>
        <Required type="60" displayName="Contact Reference Panel" parentDisplayName="Contact" solution="msdynce_AppCommon (9.0.4.0066)" id="{d880c3cf-80e2-42f3-82f9-24d040d09f17}">
          <package appName="msdynce_AppCommon" version="9.0.25033.10001">msdynce_AppCommonAnchor (9.0.25033.10001)</package>
        </Required>
        <Dependent type="80" schemaName="mspcat_PowerPlatformCertification" displayName="Power Platform Catalog Manager" />
      </MissingDependency>
      <MissingDependency>
        <Required type="60" displayName="Information" parentDisplayName="Configuration for PowerApps Checker" solution="mspcat_CatalogManager (1.1.29.500)" id="{e17f769b-2194-4ad9-b71a-839b41509210}">
          <package appName="Catalog in Power Platform Manager" version="1.1.29.500">mspcat_CatalogManager (1.1.29.500)</package>
        </Required>
        <Dependent type="80" schemaName="mspcat_PowerPlatformCertification" displayName="Power Platform Catalog Manager" />
      </MissingDependency>
      <MissingDependency>
        <Required type="60" displayName="Information" parentDisplayName="Rule set for PowerApps Checker" solution="mspcat_CatalogManager (1.1.29.500)" id="{e6f4e277-73f2-401f-b4c8-32e57023e30c}">
          <package appName="Catalog in Power Platform Manager" version="1.1.29.500">mspcat_CatalogManager (1.1.29.500)</package>
        </Required>
        <Dependent type="80" schemaName="mspcat_PowerPlatformCertification" displayName="Power Platform Catalog Manager" />
      </MissingDependency>
      <MissingDependency>
        <Required type="60" displayName="Recent Cases and Entitlements" parentDisplayName="Contact" solution="msdynce_AppCommon (9.0.4.0066)" id="{f3b707fb-3b5f-45f9-9c6b-5e573bb5d19e}">
          <package appName="msdynce_AppCommon" version="9.0.25033.10001">msdynce_AppCommonAnchor (9.0.25033.10001)</package>
        </Required>
        <Dependent type="80" schemaName="mspcat_PowerPlatformCertification" displayName="Power Platform Catalog Manager" />
      </MissingDependency>
      <MissingDependency>
        <Required type="61" schemaName="mspcat_/Color_svg/PowerPages_scalable.svg" displayName="mspcat_/Color_svg/PowerPages_scalable.svg" solution="mspcat_CatalogManager (1.1.29.500)">
          <package appName="Catalog in Power Platform Manager" version="1.1.29.500">mspcat_CatalogManager (1.1.29.500)</package>
        </Required>
        <Dependent type="80" schemaName="mspcat_PowerPlatformCertification" displayName="Power Platform Catalog Manager" />
      </MissingDependency>
      <MissingDependency>
        <Required type="62" schemaName="mspcat_PowerPlatformCertification" solution="mspcat_CatalogManager (1.1.29.500)">
          <package appName="Catalog in Power Platform Manager" version="1.1.29.500">mspcat_CatalogManager (1.1.29.500)</package>
        </Required>
        <Dependent type="80" schemaName="mspcat_PowerPlatformCertification" displayName="Power Platform Catalog Manager" />
      </MissingDependency>
      <MissingDependency>
        <Required type="66" schemaName="MscrmControls.FieldControls.ToggleControl" displayName="MscrmControls.FieldControls.ToggleControl" solution="BaseCustomControlsCore (9.0.2503.3014)">
          <package appName="Base Custom Controls" version="9.0.2503.3014">BaseCustomControlsCore (9.0.2503.3014)</package>
        </Required>
        <Dependent type="60" displayName="Catalog Item Information" parentDisplayName="Catalog Item" id="{5ef04fd7-ab64-473f-87cf-94b847bd6615}" />
      </MissingDependency>
      <MissingDependency>
        <Required type="66" schemaName="MscrmControls.RichTextEditor.RichTextEditorControl" displayName="MscrmControls.RichTextEditor.RichTextEditorControl" solution="msdyn_RichTextEditor (1.0.0.5630)">
          <package appName="msdynce_Activities" version="9.0.25025.250226000">msdynce_EnableUCIByDefault (9.0.25025.250226000)</package>
          <package appName="msdyn_CustomControlsExtended" version="1.0.0.3059">msdyn_TimelineExtended (1.0.0.3059)</package>
        </Required>
        <Dependent type="60" displayName="Catalog Item Information" parentDisplayName="Catalog Item" id="{5ef04fd7-ab64-473f-87cf-94b847bd6615}" />
      </MissingDependency>
      <MissingDependency>
        <Required type="80" schemaName="mspcat_PowerPlatformCertification" displayName="Power Platform Catalog Manager" solution="mspcat_CatalogManager (1.1.29.500)">
          <package appName="Catalog in Power Platform Manager" version="1.1.29.500">mspcat_CatalogManager (1.1.29.500)</package>
        </Required>
        <Dependent type="80" schemaName="mspcat_PowerPlatformCertification" displayName="Power Platform Catalog Manager" />
      </MissingDependency>
    </MissingDependencies>
  </SolutionManifest>
</ImportExportXml>