{"SchemaVersion":"1.0","PublisherId":"GUID","ApplicationId":"GUID","PackageDefinition":{"AssetFolder":"PackageAssets","PackageName":"SprintStatusSummary","PackageLongName":"Sprint Status Summary","PackageDescription":null,"AnchorSolutionUniqueName":"SprintStatusSummary"},"DeploymentSettings":[{"SprintStatusSummary":{"environmentVariables":[{"schemaName":"a3p_SSS_AzureDevOpsOrganisation","value":"","name":{"default":"Azure DevOps Organisation","byLcid":{"1033":"Azure DevOps Organisation"}},"typeId":100000004,"isRequired":true,"parameterKey":"account","apiId":"/providers/Microsoft.PowerApps/apis/shared_visualstudioteamservices"},{"schemaName":"a3p_SSS_AzureDevOpsProject","value":"","name":{"default":"Azure DevOps Project","byLcid":{"1033":"Azure DevOps Project"}},"typeId":100000004,"isRequired":true,"parameterKey":"project","apiId":"/providers/Microsoft.PowerApps/apis/shared_visualstudioteamservices","parentSchemaName":"a3p_SSS_AzureDevOpsOrganisation"},{"schemaName":"a3p_SSS_AzureDevOpsTeam","value":"","name":{"default":"Azure DevOps Team","byLcid":{"1033":"Azure DevOps Team"}},"typeId":100000000,"description":{"default":"You need to manually copy and paste your ADO team name in the textbox. Make sure that this team resides within the previously mentioned ADO organisation and project, otherwise the automation will fail.","byLcid":{"1033":"You need to manually copy and paste your ADO team name in the textbox. Make sure that this team resides within the previously mentioned ADO organisation and project, otherwise the automation will fail."}},"isRequired":true},{"schemaName":"a3p_SSS_HowoftenwouldyouliketoreceivethesummaryDefaultstoEndofsprint","value":"","defaultValue":"End of sprint","name":{"default":"How often would you like to receive the summary? (Defaults to \u0027End of sprint\u0027)","byLcid":{"1033":"How often would you like to receive the summary? (Defaults to \u0027End of sprint\u0027)"}},"typeId":100000000,"description":{"default":"Choose one or more, use commas to separate: Start of sprint, Middle of sprint, End of sprint. ","byLcid":{"1033":"Choose one or more, use commas to separate: Start of sprint, Middle of sprint, End of sprint. "}},"inputControlConfig":"{\u0022control\u0022:{\u0022customerrormessage\u0022:\u0022This field is case-sensitive. Use commas to separate the options. Example: Start of sprint, End of sprint\u0022},\u0022validation\u0022:{\u0022regex\u0022:\u0022^(?:\\\\s*(Start of sprint|Middle of sprint|End of sprint)\\\\s*(?:,\\\\s*(Start of sprint|Middle of sprint|End of sprint)\\\\s*)*)?$\u0022}}","isRequired":false},{"schemaName":"a3p_SSS_Levelofsummary","value":"","defaultValue":"My work items","name":{"default":"At which level would you like to get notifications (Defaults to \u0022My work items\u0022)","byLcid":{"1033":"At which level would you like to get notifications (Defaults to \u0022My work items\u0022)"}},"typeId":100000000,"description":{"default":"Please enter either of the options: \u0022My work items\u0022 or \u0022All work items\u0022","byLcid":{"1033":"Please enter either of the options: \u0022My work items\u0022 or \u0022All work items\u0022"}},"inputControlConfig":"{\u0022control\u0022:{\u0022customerrormessage\u0022:\u0022Please enter either of the options: \\\u0022My work items\\\u0022 or \\\u0022All work items\\\u0022.\u0022},\u0022validation\u0022:{\u0022regex\u0022:\u0022^(My work items|All work items)?$\u0022}}","isRequired":false},{"schemaName":"a3p_SSS_WhatADOActivitiesdoyouwanttosetthisupforDefaultstoDevelopment","value":"","defaultValue":"Development","name":{"default":"What ADO Activities do you want to set this up for? (Defaults to Development)","byLcid":{"1033":"What ADO Activities do you want to set this up for? (Defaults to Development)"}},"typeId":100000000,"description":{"default":"Select one from: Unassigned, Deployment, Design, Development, Documentation, Requirements, Testing","byLcid":{"1033":"Select one from: Unassigned, Deployment, Design, Development, Documentation, Requirements, Testing"}},"inputControlConfig":"{\u0022control\u0022:{\u0022customerrormessage\u0022:\u0022Select one from: Unassigned, Deployment, Design, Development, Documentation, Requirements, Testing\u0022},\u0022validation\u0022:{\u0022regex\u0022:\u0022^(Development|Design|Unassigned|Deployment|Documentation|Requirements|Testing)?$\u0022}}","isRequired":false}],"connectionReferences":[{"logicalName":"a3p_sharedoffice365users_39a37","connectionId":"","connectorId":"/providers/Microsoft.PowerApps/apis/shared_office365users"},{"logicalName":"a3p_sharedoffice365_b5fe7","connectionId":"","connectorId":"/providers/Microsoft.PowerApps/apis/shared_office365"},{"logicalName":"a3p_sharedvisualstudioteamservices_57846","connectionId":"","connectorId":"/providers/Microsoft.PowerApps/apis/shared_visualstudioteamservices"}],"workflows":[{"name":"Sprint Status Summary","workflowId":"b134f4a2-462a-f011-8c4e-6045bd04a65e","userEmail":"","systemUserId":"00000000-0000-0000-0000-000000000000"}],"canvasApps":[]}}]}