{"SchemaVersion":"1.0","PublisherId":"GUID","ApplicationId":"GUID","PackageDefinition":{"AssetFolder":"PackageAssets","PackageName":"FlagImportantEmails","PackageLongName":"Flag Important Emails","PackageDescription":null,"AnchorSolutionUniqueName":"FlagImportantEmails"},"DeploymentSettings":[{"FlagImportantEmails":{"environmentVariables":[{"schemaName":"a3p_FIM_Flagemailsfrom","value":"","defaultValue":";","name":{"default":"Flag emails from","byLcid":{"1033":"Flag emails from"}},"typeId":100000000,"description":{"default":"Email ids separated by semi-colon (;)","byLcid":{"1033":"Email ids separated by semi-colon (;)"}},"inputControlConfig":"{\u0022control\u0022:{\u0022customerrormessage\u0022:\u0022Please enter valid email addresses separated by a semi-colon. Example: deva@contoso.com;devb@contoso.com;devc@contoso.com\u0022},\u0022validation\u0022:{\u0022regex\u0022:\u0022^\\\\s*(?:[a-zA-Z0-9._%\u002B-]\u002B@[a-zA-Z0-9.-]\u002B\\\\.[a-zA-Z]{2,})(?:\\\\s*(;\\\\s*[a-zA-Z0-9._%\u002B-]\u002B@[a-zA-Z0-9.-]\u002B\\\\.[a-zA-Z]{2,}))*\\\\s*$|^\\\\s*;$\u0022}}","isRequired":false},{"schemaName":"a3p_FIM_Flagemailssentto","value":"","defaultValue":";","name":{"default":"Flag emails sent to","byLcid":{"1033":"Flag emails sent to"}},"typeId":100000000,"description":{"default":"Email ids separated by semi-colon (;)","byLcid":{"1033":"Email ids separated by semi-colon (;)"}},"inputControlConfig":"{\u0022control\u0022:{\u0022customerrormessage\u0022:\u0022Please enter valid email addresses separated by a semi-colon. Example: deva@contoso.com;devb@contoso.com;devc@contoso.com\u0022},\u0022validation\u0022:{\u0022regex\u0022:\u0022^\\\\s*(?:[a-zA-Z0-9._%\u002B-]\u002B@[a-zA-Z0-9.-]\u002B\\\\.[a-zA-Z]{2,})(?:\\\\s*(;\\\\s*[a-zA-Z0-9._%\u002B-]\u002B@[a-zA-Z0-9.-]\u002B\\\\.[a-zA-Z]{2,}))*\\\\s*$|^\\\\s*;$\u0022}}","isRequired":false},{"schemaName":"a3p_FIM_KeyphrasesinsubjectsseperatedbysemicolonsifanymatchaToDowillbecreated","value":"","defaultValue":";","name":{"default":"Key phrases in subject(s) seperated by semicolons (if any match, a To Do will be created)","byLcid":{"1033":"Key phrases in subject(s) seperated by semicolons (if any match, a To Do will be created)"}},"typeId":100000000,"description":{"default":"Key phrases separated by semi-colon (;)","byLcid":{"1033":"Key phrases separated by semi-colon (;)"}},"inputControlConfig":"{\u0022control\u0022:{\u0022customerrormessage\u0022:\u0022Please enter keywords separated by a semi-colon. Example: Keyphrase1;Keyphrase2;Keyphrase3\u0022},\u0022validation\u0022:{\u0022regex\u0022:\u0022^(\\\\s*[^;]*\\\\s*)(;\\\\s*[^;]*\\\\s*)*$\u0022}}","isRequired":false}],"connectionReferences":[{"logicalName":"a3p_sharedoffice365users_3a098","connectionId":"","connectorId":"/providers/Microsoft.PowerApps/apis/shared_office365users"},{"logicalName":"a3p_sharedoffice365_281fa","connectionId":"","connectorId":"/providers/Microsoft.PowerApps/apis/shared_office365"}],"workflows":[{"name":"Flag Important Mails","workflowId":"dbffafd3-bffd-ef11-bae2-6045bd086375","userEmail":"","systemUserId":"00000000-0000-0000-0000-000000000000"}],"canvasApps":[]}}]}